industry,id,customer_name
,1023597,Reichmann
,1058556,Staude Höfig e.G.
,1011801,Hauffer GmbH
,1062069,Klemt e.V.
,1071647,Gertz KG
,1027212,Holsten
,1025578,Ullmann GmbH
,1046081,Trüb OHG mbH
,1017598,Wesack KG
,1087139,Schuster
,1067631,Kade Hendriks AG
,1035149,Börner Lange GmbH
,1073849,Kaul
,1092389,Bohlander Lindau AG & Co. OHG
,1068045,Seidel Reinhardt GbR
,1065436,Stiebitz
,1040449,Mülichen AG & Co. OHG
,1039071,Flantz Stiftung & Co. KGaA
,1012122,Rörricht Löwer AG
,1098421,Schlosser
,1066422,Schottin KG
,1037543,Koch GmbH
,1034603,Jacob Etzold OHG mbH
,1095463,Vogt Döhn AG & Co. KG
,1034577,Vollbrecht
,1069915,Röhricht Förster GmbH
,1075067,Hoffmann Jessel AG & Co. KG
,1055178,Stroh
,1037261,Nette
,1047267,Pölitz
,1050123,Wirth Rudolph e.G.
,1023075,Reuter Seifert KG
,1062795,Röhrdanz
,1094690,Kensy KG
,1032332,Eberhardt
,1026174,Pruschke Weitzel Stiftung & Co. KGaA
,1026231,Bolzmann AG
,1019257,Weinhold Ernst GmbH
,1074319,Fischer GmbH
,1033818,Karge
,1093893,Kraushaar Jungfer e.G.
,1022071,Rädel
,1069223,Neuschäfer
,1012028,Boucsein Noack AG & Co. KGaA
,1009683,Eberth Zobel GmbH
,1041444,Karz Gude GmbH & Co. KG
,1044010,Kreusel Metz Stiftung & Co. KG
,1082007,Hübel Jäkel KG
,1042105,Ehlert Warmer AG
,1012016,Scheel
,1062382,Scholl KGaA
,1078430,Zimmer
,1095226,Metz KG
,1052863,Stiffel e.G.
,1018057,Niemeier Faust Stiftung & Co. KG
,1078439,Jäntsch AG
,1076558,Mülichen GmbH
,1084013,Fritsch KG
,1024509,Hahn
,1040998,Stadelmann
,1030182,Weinhage Stiftung & Co. KG
,1013879,Bärer
,1088405,Winkler KG
,1050792,Pechel
,1051409,Trommler
,1067377,Sontag
,1003323,Hornig Scholl AG & Co. OHG
,1000258,Hering KG
,1021056,Stroh Kuhl e.V.
,1052537,Holsten Stiftung & Co. KGaA
,1098123,Rogner Trubin OHG mbH
,1034694,Klingelhöfer Junitz GmbH & Co. KG
,1009939,Hänel
,1059185,Gerlach Lindner KG
,1006067,Blümel Dörr GmbH & Co. KG
,1057654,Schacht Etzold KG
,1021858,Stumpf KG
,1010061,Trub
,1015609,Ritter Sölzer e.V.
,1090824,Ernst Tschentscher GmbH
,1096436,Salz GmbH
,1006258,Binner AG
,1047296,Rust Bonbach e.G.
,1083217,Dobes KG
,1089452,Rosenow
,1057670,Hoffmann
,1092802,Biggen Scholz e.V.
,1055706,Schwital Mülichen KGaA
,1003903,Bolzmann Stumpf GmbH
,1017425,Gumprich
,1028475,Zorbach GmbH & Co. KGaA
,1005774,Reichmann Müller GmbH & Co. KG
,1036496,Lindner
,1083991,Textor Atzler GmbH & Co. KG
,1097992,Heß Wiek AG & Co. OHG
,1065522,Gröttner OHG mbH
,1039676,Geisler AG
,1099511,Gehringer
,1078960,Wesack Adolph KG
,1029170,Schinke e.G.
,1019996,Gutknecht Misicher KG
,1032094,Scholtz
,1043086,Wulf GbR
,1072758,Kusch e.V.
,1010374,Ruppersberger
,1055276,Peukert GmbH
,1072284,Thies Hölzenbecher e.V.
,1096726,Ziegert
,1051637,Scheel KGaA
,1082111,Staude Fechner KGaA
,1064728,Gutknecht Hentschel AG
,1067011,Hofmann
,1034058,Klotz AG & Co. OHG
,1010996,Schenk GbR
,1057505,Scheibe Mosemann GmbH & Co. KG
,1017007,Bruder
,1058698,Rogner Rosemann GmbH & Co. KGaA
,1066092,Beckmann Mans KG
,1021083,Mans AG & Co. OHG
,1098993,Pieper
,1010731,Käster Kostolzin GbR
,1075333,Kranz AG
,1013871,Trupp
,1070659,Reichmann Jüttner AG
,1045416,Schottin GmbH & Co. KGaA
,1081954,Boucsein Kade Stiftung & Co. KGaA
,1009899,Henk
,1064311,Säuberlich Haase AG & Co. OHG
,1030797,Wirth
,1010222,Schottin Gehringer AG
,1014214,Gute Aumann GmbH
,1091643,Weimer
,1008471,Budig GmbH & Co. OHG
,1042587,Bonbach
,1055862,Bohnbach AG
,1009180,Fliegner Klapp AG & Co. OHG
,1033301,Heinrich Trommler GmbH
,1080333,Briemer
,1043908,Rohleder Caspar Stiftung & Co. KGaA
,1036042,Reinhardt AG
,1005176,Rogner Drub KG
,1010474,Karz e.V.
,1062841,Losekann Jüttner Stiftung & Co. KG
,1017355,Zänker
,1013297,Gunpf GmbH & Co. OHG
,1023481,Käster
,1076545,Mangold
,1046416,Eberhardt Jockel Stiftung & Co. KGaA
,1045864,Adler e.G.
,1083124,Drub GmbH
,1064160,Schönland Ritter e.V.
,1087624,Bähr
,1089334,Tröst Schmidtke GmbH & Co. OHG
,1058806,Löffler
,1003729,Jungfer Schweitzer GmbH
,1034924,Gertz
,1050281,Tlustek
,1009533,Graf GmbH
,1083771,Wagner
,1045937,Jacobi Jäckel Barth AG & Co. KG
,1094131,Lorch
,1048973,Rädel Bloch KG
,1027007,Klemm Stiftung & Co. KGaA
,1039095,Beer
,1089611,Kuhl Jacobi Jäckel KG
,1017341,Neuschäfer Junken GmbH
,1079288,Jopich Mans GmbH
,1037196,Werner Zorbach AG & Co. OHG
,1069653,Junk
,1060581,Schulz Ruppersberger GmbH
,1090673,Aumann GmbH
,1040195,Röhricht
,1008483,Wohlgemut AG
,1081227,Hoffmann Rogge AG
,1032252,Hiller Pechel GbR
,1038012,Kostolzin
,1075889,Biggen GmbH
,1018542,Beier
,1013163,Bolzmann KG
,1089878,Carsten
,1085799,Scheuermann Wohlgemut OHG mbH
,1059298,Tröst
,1009246,Rust
,1091521,Junitz AG & Co. OHG
,1088227,Hering AG
,1034985,Grein Groth Klingelhöfer AG & Co. KGaA
,1057972,Margraf Ruppersberger GmbH
,1038202,Grein Groth Weiß AG
,1017934,Schuchhardt
,1055451,Hauffer Misicher GmbH & Co. KG
,1063783,Kusch Seip KG
,1086329,Metz Schwital GmbH & Co. KG
,1073351,Lachmann e.G.
,1034101,Ritter AG
,1044871,Hethur
,1019616,Scholl
,1004418,Radisch GmbH
,1071001,Stadelmann Putz AG
,1087250,Killer AG & Co. KGaA
,1028597,Seifert Beier AG
,1060019,Hamann AG
,1069934,Schmiedt Pärtzelt OHG mbH
,1086132,Ruppersberger Hendriks AG & Co. KGaA
,1084126,Austermühle Fritsch OHG mbH
,1015893,Ruppersberger AG & Co. OHG
,1066181,Mohaupt Lindau GbR
,1080344,Wohlgemut
,1059054,Tintzmann
,1001571,Wernecke Trupp KG
,1079972,Holt Dörr KG
,1008623,Schmidtke
,1097509,Thanel Köster GmbH
,1099995,Sölzer Austermühle GmbH
,1052029,Seip Gieß GbR
,1020701,Heinrich GmbH
,1009258,Stoll AG & Co. KG
,1016902,Rohleder GmbH & Co. KG
,1082712,Koch Hendriks OHG mbH
,1014581,Wulff Koch GmbH
,1027885,Dörr
,1054084,Pohl
,1021182,Hering GbR
,1013030,Martin AG & Co. OHG
,1025525,Dehmel Speer GmbH
,1094208,Losekann
,1083240,Gröttner GmbH & Co. KG
,1081252,Hölzenbecher Stiftung & Co. KGaA
,1053983,Kostolzin Scheuermann KG
,1071339,Barkholz AG
,1051597,Freudenberger e.V.
,1002900,Adler Koch II AG
,1067148,Steinberg Rosenow AG
,1056604,Renner
,1068370,Berger
,1061035,Röhrdanz Sontag GmbH & Co. KGaA
,1039857,Gude Drub AG & Co. KG
,1040684,Schleich
,1084239,Margraf
,1061870,Kitzmann GmbH & Co. OHG
,1087380,Dörschner
,1072422,Matthäi Franke GmbH
,1003741,Stey KG
,1060315,Rose GmbH
,1043560,Ziegert Aumann GmbH & Co. OHG
,1023842,Riehl KGaA
,1000766,Wirth Schomber AG
,1077658,Spieß GmbH & Co. OHG
,1016414,Weiß
,1017274,Geisel Stiftung & Co. KG
,1011465,Krein
,1084525,Drewes
,1082633,Sölzer GmbH & Co. KG
,1033788,Etzler Lorch Stiftung & Co. KGaA
,1022520,Scheibe Stiftung & Co. KG
,1008811,Stiebitz GmbH
,1051137,Ebert Scheibe GmbH
,1076547,Noack
,1005659,Wulff Hertrampf Stiftung & Co. KGaA
,1027618,Wende Kabus GmbH & Co. KG
,1003546,Hande
,1045562,Freudenberger GmbH
,1000201,Löchel Söding GmbH & Co. KG
,1005488,Förster GmbH & Co. OHG
,1014694,Kramer Hethur AG & Co. KG
,1020589,Heydrich Sauer GmbH & Co. KG
,1012101,Jacob
,1028044,Metz
,1060723,Gorlitz
,1041956,Hettner KG
,1046978,Henk OHG mbH
,1093590,Schacht Heser GmbH
,1099563,Hartung Zimmer KG
,1084359,Lange
,1061181,Franke
,1045926,Ullmann AG
,1070926,Löwer
,1081947,Ditschlerin Kreusel e.G.
,1058376,Hellwig
,1012278,Noack GmbH & Co. KGaA
,1096125,Staude GmbH
,1011533,Bauer KG
,1044470,Johann
,1078145,Walter KG
,1035434,Heinz Weller Stiftung & Co. KG
,1044907,Austermühle
,1039967,Mosemann KG
,1079460,Segebahn
,1025548,Ruppert
,1059552,Finke AG
,1068571,Baum
,1087682,Cichorius Weinhage AG & Co. KG
,1098735,Sölzer Jäkel OHG mbH
,1041420,Bruder Sager GmbH
,1098108,Kade Bender KG
,1034320,Hein Klotz GmbH
,1016988,Lübs Nette GmbH
,1043917,Liebelt Hande AG
,1046721,Wulf
,1048196,Schinke Neuschäfer GmbH & Co. KGaA
,1017447,Loos Stiftung & Co. KGaA
,1016406,Binner Löffler KG
,1096862,Jüttner Sorgatz GmbH & Co. OHG
,1033340,Süßebier Hänel GmbH
,1023719,Reinhardt Binner KGaA
,1058591,Schönland OHG mbH
,1097553,Sauer Misicher AG
,1096969,Hering Geisel OHG mbH
,1085063,Wulf AG & Co. KG
,1077106,Trommler Meyer e.G.
,1000053,Stumpf
,1033922,Krein Striebitz GmbH
,1044963,Dehmel GmbH & Co. KG
,1057712,Rogge
,1030049,Trubin e.V.
,1054930,Margraf Gumprich KGaA
,1065248,Ortmann
,1029320,Löwer GmbH & Co. KGaA
,1091308,Atzler Jäntsch AG & Co. OHG
,1047625,Nette GmbH & Co. OHG
,1059173,Ullrich Koch AG
,1062366,Flantz Nerger GmbH
,1023844,Scheuermann Stiftung & Co. KGaA
,1058236,Beyer KG
,1060103,Lübs
,1091334,Atzler GmbH
,1038672,Ullrich GmbH & Co. OHG
,1079646,Mielcarek Eberth e.V.
,1098823,Ebert
,1058778,Ernst Weinhage AG & Co. KG
,1040935,Misicher OHG mbH
,1078975,Ritter Hartung AG & Co. OHG
,1097729,Karz Schwital GmbH & Co. KGaA
,1031649,Schacht Thies KG
,1062230,Salz
,1058508,Niemeier
,1019484,Siering
,1068541,Schmiedt Löffler GmbH
,1028607,Beckmann GmbH
,1095164,Atzler
,1058735,Gnatz GmbH & Co. OHG
,1096681,Sölzer Hofmann GmbH & Co. KGaA
,1041336,Schaaf Dehmel GmbH
,1008058,Zahn Trommler AG
,1004806,Schönland KG
,1004963,Junitz Rädel GmbH
,1020644,Stroh Barth GmbH
,1073372,Tintzmann GmbH & Co. KG
,1007581,Täsche
,1052183,Vollbrecht Stiftung & Co. KG
,1084596,Gute
,1039738,Mühle AG
,1005328,Kohl AG
,1081740,Budig Renner AG
,1004010,Hertrampf
,1071527,Stahr
,1007898,Baum Mälzer AG & Co. OHG
,1060867,Trommler Heintze GmbH & Co. KGaA
,1001980,Gute GmbH
,1044271,Vollbrecht GmbH
,1067127,Schleich e.G.
,1036886,Rohleder
,1027791,Kobelt GmbH
,1029019,Lehmann Klapp KG
,1081594,Seip
,1095989,Hellwig Anders GmbH & Co. OHG
,1065836,Plath
,1053771,Wohlgemut GmbH
,1043781,Patberg Schleich GbR
,1012614,Stumpf GmbH
,1020733,Zänker Wagenknecht AG
,1015920,Gnatz Killer GbR
,1047223,Bloch Schmiedecke GmbH
,1023369,Kohl Roht AG & Co. OHG
,1000102,Schaaf Lindau AG
,1021801,Schottin
,1017144,Pechel GbR
,1004483,Reuter GmbH
,1072380,Rogner Baum e.G.
,1031702,Ladeck
,1096945,Henschel Wilms Stiftung & Co. KG
,1018528,Cichorius
,1009436,Heuser
,1025845,Dussen van GmbH & Co. KG
,1004143,Jüttner
,1002777,Sölzer Faust GbR
,1007881,Hartmann Etzler GbR
,1004435,Heinz
,1016508,Hering
,1015377,Trüb
,1056152,Warmer GbR
,1003336,Reinhardt
,1028030,Fiebig Henschel AG
,1039098,Fröhlich Geisler AG
,1048960,Scholl Geißler GmbH
,1032942,Hornig
,1007382,Bien Tschentscher GbR
,1087771,Karz
,1023390,Dörschner Fiebig GmbH
,1015970,Wiek Mülichen KGaA
,1014076,Sölzer
,1024961,Heinrich
,1056372,Steinberg AG
,1030556,Gotthard
,1020002,Mülichen Schaaf AG
,1005601,Graf e.V.
,1003311,Täsche Kühnert Stiftung & Co. KG
,1091863,Rosemann Bruder Stiftung & Co. KG
,1059592,Hesse e.G.
,1043707,Lachmann
,1091764,Jopich Rädel GmbH
,1017436,Jäkel
,1029467,Weimer GmbH & Co. OHG
,1038918,Vogt AG
,1059659,Seifert
,1075213,Beer GbR
,1067131,Säuberlich GmbH & Co. KG
,1010522,Reichmann AG
,1091937,Krein Boucsein GmbH & Co. KG
,1032187,Renner Austermühle GmbH
,1012694,Stey OHG mbH
,1051266,Kranz GbR
,1013116,Pieper Rogner AG
,1083181,Trubin
,1023849,Conradi
,1046391,Bärer e.G.
,1065613,Steckel
,1045572,Linke Stiftung & Co. KGaA
,1013283,Schulz Heinz Stiftung & Co. KG
,1046696,Koch
,1047507,Zirme KG
,1002432,Langern
,1022373,Kobelt
,1088855,Scholl Schmiedt GmbH & Co. OHG
,1014757,Matthäi e.G.
,1061000,Zobel
,1067528,Pechel Schulz GmbH
,1038633,Beyer Tlustek AG
,1072261,Carsten Schottin GmbH & Co. KGaA
,1075160,Söding
,1034480,Trüb Häring e.G.
,1031706,Losekann Lehmann GmbH
,1025740,Schüler Wähner GbR
,1025796,Otto
,1068503,Sorgatz
,1094888,Dippel AG & Co. KG
,1054348,Stadelmann KG
,1044976,Renner AG
,1036188,Peukert e.V.
,1090868,Mangold KG
,1071354,Pruschke
,1038199,Wähner GmbH
,1042342,Steinberg GmbH
,1073900,Bonbach GmbH
,1009141,Gerlach Ruppert GmbH
,1092174,Weller Faust GmbH
,1033503,Trubin AG
,1087535,Haase KG
,1009986,Henck Krause e.G.
,1020151,Margraf KG
,1027558,Scholl Junken GmbH
,1028098,Dowerg
,1009083,Scheuermann Sölzer GmbH
,1041807,Harloff
,1092177,Vollbrecht Steckel Stiftung & Co. KG
,1016102,Knappe
,1023921,Fliegner Fliegner GmbH & Co. KG
,1090405,Caspar AG & Co. KGaA
,1028626,Förster Jäntsch GmbH
,1008190,Stumpf KGaA
,1023048,Rudolph Börner AG & Co. OHG
,1053078,Losekann GmbH & Co. OHG
,1043905,Gröttner GmbH & Co. KGaA
,1000880,Haase AG & Co. KG
,1027100,Thies Gnatz AG
,1076505,Seip GmbH & Co. KG
,1047167,Langern Keudel AG
,1092166,Christoph GbR
,1036336,Buchholz e.G.
,1057325,Bloch Kabus Stiftung & Co. KGaA
,1043588,Drub
,1099363,Stey Schmiedt GmbH & Co. KG
,1023634,Mentzel Plath GmbH & Co. OHG
,1008477,Haase
,1095243,Ruppersberger Gumprich GmbH & Co. KG
,1091224,Sager
,1011159,Nohlmans AG & Co. KGaA
,1047863,Kambs
,1015544,Kramer
,1050383,Bender Stiftung & Co. KG
,1067339,Bolnbach AG
,1041835,Gerlach KG
,1072919,Seifert Karge AG
,1043814,Etzold
,1018426,Weihmann KG
,1045212,Zimmer GmbH & Co. OHG
,1060125,Junck Thies GmbH
,1048187,Krause GbR
,1098340,Weihmann
,1056197,Kambs Bloch KG
,1036977,Eckbauer AG
,1015971,Dussen van Seifert Stiftung & Co. KGaA
,1093165,Heinz Mülichen GmbH
,1016098,Tschentscher GbR
,1034607,Bähr Baum AG
,1077203,Plath GmbH & Co. KG
,1089930,Bien GmbH & Co. KG
,1006167,Scholtz GmbH
,1002644,Mielcarek Trapp AG
,1080581,Gertz Scholz AG & Co. KGaA
,1040319,Schenk
,1090784,Röhricht Bolnbach Stiftung & Co. KG
,1018479,Jähn Stiftung & Co. KG
,1059697,Butte Pohl OHG mbH
,1070119,Pieper GmbH & Co. OHG
,1077422,Häring KGaA
,1062389,Jäntsch
,1043874,Wiek
,1088739,Schacht Seidel KG
,1024953,Sölzer e.V.
,1019704,Zorbach Schüler Stiftung & Co. KGaA
,1087086,Reising
,1059414,Fliegner e.V.
,1064984,Dussen van
,1033000,Linke Steckel AG
,1087123,Benthin
,1048485,Schmiedt
,1009734,Eigenwillig Wende GmbH
,1016285,Oderwald GmbH & Co. OHG
,1039168,Ziegert Linke AG & Co. OHG
,1018159,Schäfer
,1071988,Zahn Wagner GbR
,1030527,Kraushaar AG
,1042764,Hauffer e.G.
,1008629,Wagenknecht AG
,1075941,Gumprich KG
,1096029,Geißler GmbH & Co. KG
,1022957,Hövel
,1027587,Rose Stiftung & Co. KG
,1055328,Reising Rohleder GmbH & Co. OHG
,1056765,Bohnbach Stolze KG
,1058008,Gorlitz GmbH & Co. OHG
,1058183,Bien Kade KGaA
,1055392,Stahr KG
,1077847,Stumpf Schuchhardt GbR
,1012005,Mangold Trapp GmbH & Co. KGaA
,1058228,Reuter
,1043173,Bärer GmbH & Co. OHG
,1017914,Koch KG
,1037192,Schlosser AG & Co. OHG
,1013023,Berger GmbH
,1063711,Reichmann Mühle GbR
,1028433,Hoffmann Kranz AG & Co. KGaA
,1070858,Mies KG
,1000697,Hübel GmbH
,1042065,Stey Bruder GmbH & Co. KG
,1060541,Kuhl
,1036979,Hettner e.G.
,1002388,Kroker Wiek AG
,1024102,Thies KG
,1064896,Junitz Trommler KG
,1016645,Mies KGaA
,1034809,Staude
,1007352,Jungfer GmbH
,1046450,Ritter KG
,1018678,Säuberlich KG
,1003748,Bolnbach
,1030340,Wähner GmbH & Co. KG
,1081567,Hölzenbecher
,1065870,Riehl
,1064582,Gerlach GmbH
,1046863,Rosenow GmbH
,1065542,Johann OHG mbH
,1030723,Hiller AG & Co. OHG
,1020675,Heser
,1074703,Pieper e.V.
,1070796,Siering Drub OHG mbH
,1004914,Bärer Reinhardt e.G.
,1026802,Gutknecht Scheel AG & Co. KGaA
,1072101,Sontag Kranz e.V.
,1070517,Holzapfel e.V.
,1069736,Pärtzelt Drub GmbH
,1008714,Kallert Etzold KG
,1015913,Kühnert
,1084220,Lübs OHG mbH
,1098642,Dippel
,1029674,Junitz Stiftung & Co. KG
,1068100,Klemm KGaA
,1042670,Losekann Lachmann AG
,1053159,Weinhold Bolander e.G.
,1063640,Johann Krein GmbH & Co. OHG
,1008401,Stoll GmbH
,1013597,Hamann Kreusel AG
,1089008,Becker Pechel KG
,1030199,Zirme
,1027032,Becker AG & Co. OHG
,1031349,Koch II Schmidt KGaA
,1030433,Wiek e.G.
,1026986,Eimer AG & Co. KG
,1094175,Koch II KGaA
,1054604,Gumprich Kranz AG
,1095729,Peukert Schacht KG
,1032805,Wieloch Thanel e.G.
,1073343,Reichmann Fiebig KG
,1054341,Flantz Stiftung & Co. KG
,1005141,Henschel Margraf GmbH
,1014219,Lehmann
,1047548,Holt Mälzer AG & Co. OHG
,1042214,Ladeck e.G.
,1039166,Eimer
,1095044,Gute AG
,1057054,Schmiedecke AG
,1024037,Förster AG
,1083140,Jäntsch Bien AG
,1098681,Seip AG
,1063558,Heinz GmbH
,1029396,Weller Schottin AG & Co. OHG
,1054501,Zorbach AG & Co. OHG
,1049840,Hahn Schulz KGaA
,1094269,Steckel Wulff GbR
,1018060,Koch II
,1030248,Wilmsen
,1060333,Grein Groth AG & Co. OHG
,1002759,Schmiedecke GbR
,1000410,Eckbauer AG & Co. OHG
,1051847,Niemeier Döhn KGaA
,1018828,Junken Hertrampf AG
,1014001,Henk Hövel GmbH & Co. KG
,1093122,Nette Rädel GmbH
,1099281,Krein GbR
,1043698,Klemm Karz e.V.
,1017897,Drub GmbH & Co. KG
,1035242,Noack Löchel AG
,1052897,Grein Groth
,1058637,Röhricht GbR
,1059266,Förster
,1046315,Kensy GmbH
,1022956,Hauffer
,1045527,Fechner KG
,1049869,Römer Wilmsen KG
,1051775,Paffrath GmbH
,1072736,Bruder Möchlichen GmbH & Co. OHG
,1072782,Franke AG & Co. OHG
,1063766,Jungfer
,1077738,Käster Oestrovsky e.G.
,1076463,Mühle GmbH
,1018101,Kruschwitz e.V.
,1062086,Mans Heser KG
,1028894,Kohl Bloch AG & Co. KG
,1002487,Kraushaar Dörr AG
,1065603,Schuchhardt e.G.
,1069989,Holsten AG & Co. KG
,1081330,Roht AG & Co. KGaA
,1071374,Barth
,1006621,Wähner
,1088249,Trapp GmbH & Co. KGaA
,1020722,Kraushaar
,1005657,Hahn KG
,1034988,Zobel GmbH & Co. KGaA
,1054009,Schüler
,1019983,Meyer GmbH
,1036205,Koch II AG
,1016943,Rose
,1019815,Häring Hornich AG
,1089888,Köster Stiftung & Co. KG
,1077081,Hesse Süßebier KGaA
,1009669,Mälzer Barth GbR
,1003322,Aumann Bolzmann GbR
,1032734,Jockel Schwital KG
,1084432,Thies AG & Co. KG
,1036860,Heidrich
,1049227,Rogner AG
,1047731,Trub Junitz GbR
,1096009,Köhler Jäkel GmbH
,1025469,Huhn Adolph e.G.
,1058326,Lübs Hellwig AG & Co. KG
,1057636,Girschner
,1083314,Rogner e.V.
,1072229,Bolzmann
,1038363,Schönland
,1016355,Möchlichen AG
,1032008,Stahr Peukert AG & Co. KGaA
,1091058,Etzold Henk KG
,1039524,Gehringer Hecker e.V.
,1065752,Ziegert GmbH
,1022309,Nohlmans Pruschke GmbH
,1024983,Nohlmans KG
,1011375,Bachmann Hiller GbR
,1001805,Geisel Stiftung & Co. KGaA
,1009999,Thanel AG & Co. KGaA
,1022727,Blümel Steckel AG
,1078065,Möchlichen
,1056879,Täsche Pruschke AG
,1063009,Eimer OHG mbH
,1046388,Nohlmans Gotthard Stiftung & Co. KG
,1059115,Birnbaum GmbH & Co. KGaA
,1018258,Häring GmbH & Co. KGaA
,1086274,van der Dussen
,1064987,Zahn
,1035825,Knappe KG
,1086377,Heß Ullrich GmbH
,1045437,Ruppersberger GmbH & Co. KGaA
,1024682,Zorbach
,1035188,Tschentscher KGaA
,1067229,Hornig AG & Co. OHG
,1097000,Oderwald
,1094786,Heydrich
,1022788,Meyer Lange GmbH
,1050623,Bonbach GmbH & Co. KGaA
,1037181,Sauer
,1011441,Geißler Weiß GmbH & Co. KG
,1068423,Heintze AG
,1085561,Hoffmann Winkler AG
,1071394,Hornig Stumpf AG
,1078898,Gumprich Kobelt Stiftung & Co. KG
,1015419,Römer
,1026806,Koch II GbR
,1089743,Klemt Röhrdanz KG
,1026402,Jungfer Rohleder AG
,1059111,Etzler Römer Stiftung & Co. KGaA
,1065503,Bolzmann OHG mbH
,1039131,Roht
,1080531,Roskoth GmbH
,1019328,Wieloch Walter GbR
,1047010,Kühnert Werner GmbH & Co. KGaA
,1082721,Eberth Schweitzer GmbH & Co. KG
,1063587,Matthäi OHG mbH
,1061622,Mülichen
,1036216,Kostolzin Pergande AG
,1051287,Ladeck Stumpf KGaA
,1017691,Ortmann e.V.
,1030810,Seifert Stiftung & Co. KG
,1051593,Franke AG
,1032825,Scheel Hahn AG
,1016084,Junken Kranz GmbH
,1094010,Holzapfel Hänel AG
,1089898,auch Schlauchin Jäkel AG
,1003165,Mühle
,1043024,Meister Reising GbR
,1093451,Döring Pieper Stiftung & Co. KG
,1000583,Höfig AG & Co. KG
,1013016,Bärer Cichorius GmbH & Co. KGaA
,1067222,Davids Pruschke GmbH
,1003715,Bolander Säuberlich KG
,1044481,Jähn KG
,1089994,Wilms
,1084165,Stadelmann GmbH & Co. OHG
,1034252,Otto Mangold GmbH
,1004670,Geisel Stumpf KGaA
,1038900,Butte AG & Co. KG
,1041686,Hamann KGaA
,1059470,Schacht Stiftung & Co. KG
,1019769,Hofmann GmbH & Co. KG
,1021366,Schomber Gude AG
,1084496,Stoll Schwital GmbH & Co. KG
,1032218,Seidel Röhricht AG & Co. OHG
,1071398,Döhn Kade KG
,1000081,Hein AG
,1024142,Salz GbR
,1097757,Pechel Gertz GmbH & Co. OHG
,1043760,Anders
,1098817,Hellwig Stiftung & Co. KGaA
,1081152,Wilmsen Dietz Stiftung & Co. KG
,1041569,Winkler Döhn OHG mbH
,1042494,Schmiedecke Kallert AG
,1065732,Pölitz Girschner AG
,1098466,Trapp AG
,1039362,Gorlitz OHG mbH
,1041929,Lübs GmbH & Co. KGaA
,1041501,Lachmann AG
,1096846,Fröhlich GmbH & Co. OHG
,1083420,Berger e.V.
,1000604,Mans Thanel AG & Co. KG
,1059775,Mosemann Stiftung & Co. KG
,1058899,Freudenberger Tschentscher GmbH
,1056537,Karge Jockel AG & Co. OHG
,1014197,Klapp
,1074554,Kostolzin AG
,1089591,Segebahn GmbH
,1026213,Jopich GbR
,1003420,Pärtzelt Wulf AG
,1006429,Lübs Stiftung & Co. KG
,1039157,Gutknecht Schmiedt AG & Co. KGaA
,1076901,Jüttner GbR
,1057869,Drub Häring Stiftung & Co. KGaA
,1045080,Schmidtke GbR
,1074767,Zimmer AG & Co. KG
,1056519,Schleich Christoph GmbH
,1011735,Matthäi
,1030971,Budig
,1042611,Henk Wagenknecht KGaA
,1089157,Bolzmann GbR
,1094692,Zorbach AG
,1085092,Linke GmbH
,1085469,Schwital Börner e.V.
,1097720,Thanel Karz GmbH
,1036300,Schaaf Hermann GmbH
,1015093,Seidel
,1019480,Mans OHG mbH
,1070874,Reinhardt Pechel e.V.
,1079373,Budig Hettner e.V.
,1022802,Pechel GmbH
,1059695,Schwital Bachmann Stiftung & Co. KGaA
,1037644,Krause Franke GbR
,1035291,Trommler e.G.
,1076215,Möchlichen e.V.
,1024399,Scholl GmbH & Co. KG
,1013225,Schmidt GbR
,1023724,Döring
,1042557,Trommler Scheel Stiftung & Co. KG
,1028574,Drub Zirme KG
,1005554,Wilms Döhn AG
,1008310,Krause
,1033936,Harloff Speer AG
,1098344,Stey
,1036170,Hamann GmbH
,1091938,Putz
,1071325,Weller Adler KG
,1041792,Rose KG
,1074933,Beier Stiftung & Co. KG
,1002618,Tschentscher Linke AG
,1082711,Jessel Gierschner KG
,1082279,Wende Mentzel GbR
,1002811,Ullmann AG & Co. KGaA
,1049724,Gotthard Stiftung & Co. KGaA
,1060417,Pergande
,1039027,Wernecke
,1019688,Hesse KG
,1036627,Pohl AG & Co. KGaA
,1034294,Haase GmbH
,1021263,Hettner AG
,1096248,Jüttner Matthäi KG
,1091348,Hänel Albers Stiftung & Co. KG
,1052538,Linke
,1060691,Hein GmbH & Co. OHG
,1092503,Binner e.V.
,1096387,Kruschwitz AG & Co. KG
,1093237,Lachmann Schulz e.G.
,1037188,Wieloch Ortmann AG
,1030066,Adolph
,1036071,Eberth KGaA
,1005719,Pruschke KG
,1076536,Ullmann
,1082415,Mude
,1081593,Gehringer GmbH & Co. OHG
,1024632,Hermighausen KG
,1090876,Dietz AG & Co. OHG
,1054915,Schmidt Paffrath AG & Co. KG
,1004069,Drewes AG
,1035075,Gorlitz Mude GmbH & Co. OHG
,1091668,Siering Bolnbach e.V.
,1042658,Gutknecht
,1037201,Henk AG
,1011135,Seip Freudenberger KG
,1054790,Hörle Kade AG
,1047271,Wirth GmbH & Co. KGaA
,1089273,Wende AG
,1086497,Werner GbR
,1013551,Löffler GmbH & Co. KG
,1011612,Seifert AG
,1002607,Blümel
,1074379,Pieper Vollbrecht GbR
,1059608,Holzapfel
,1029071,Otto KGaA
,1074087,Wilmsen Caspar KG
,1038911,Zahn GbR
,1093827,Heinrich KGaA
,1063838,Wulff
,1047084,Ziegert AG & Co. KGaA
,1069695,Kusch Huhn GbR
,1014895,Röhricht GmbH & Co. OHG
,1058447,Gorlitz AG
,1062712,van der Dussen KG
,1002335,Hahn Klingelhöfer Stiftung & Co. KG
,1003570,Süßebier AG
,1010359,Matthäi GmbH & Co. KGaA
,1040457,Bonbach Herrmann KG
,1030159,Faust
,1022914,Metz AG
,1099030,Mans Jacob AG & Co. OHG
,1040519,Eckbauer KG
,1078584,Reichmann GbR
,1078457,Heß
,1022595,Etzler AG & Co. KGaA
,1082750,Hentschel
,1012809,Gnatz
,1043188,Roht Bonbach AG & Co. KGaA
,1047995,Rohleder Röhrdanz AG & Co. OHG
,1071362,Bien Weimer GmbH
,1034401,Jessel
,1063751,Staude Mangold KGaA
,1086559,Henschel AG
,1082425,Textor Werner AG
,1082549,Schottin Boucsein KG
,1088781,Aumann
,1012615,Wagenknecht
,1021687,Trommler OHG mbH
,1001019,Heser GmbH & Co. KG
,1027494,Kensy
,1038914,Ullrich Matthäi GmbH & Co. KGaA
,1002969,Atzler AG
,1038882,Pechel KG
,1018880,Zobel Hiller GmbH & Co. OHG
,1030401,Dussen van AG
,1013339,Kohl
,1068671,Löchel
,1079532,Misicher Stiftung & Co. KG
,1003537,Etzler GmbH
,1032358,Schomber
,1020107,Stadelmann Schomber AG & Co. KGaA
,1000214,Hendriks Scheuermann GmbH
,1031487,Jockel Fritsch GmbH
,1025157,Riehl KG
,1052066,Rädel Bähr AG & Co. KGaA
,1002385,Aumann Tröst KG
,1000354,Harloff AG
,1025208,Hethur GmbH
,1059903,Trapp Bähr AG
,1086031,Rudolph KGaA
,1027543,Bender Schaaf KGaA
,1054078,Hörle OHG mbH
,1088950,Pärtzelt Steckel GmbH
,1028784,Segebahn e.V.
,1083323,Stolze
,1076138,Gehringer KG
,1011521,Renner Weitzel AG & Co. KG
,1023202,Karz Kobelt AG
,1041058,Boucsein Sölzer GmbH & Co. KGaA
,1030825,Thies
,1011086,Matthäi Rogge AG
,1072063,Gorlitz AG & Co. KG
,1083218,Klotz
,1021169,Schaaf Riehl GmbH
,1044374,Geisel Weitzel GmbH
,1097702,Davids
,1073141,Adler
,1074824,Pärtzelt
,1018864,Sager OHG mbH
,1054746,Albers
,1071078,Conradi GmbH & Co. KG
,1066410,Oderwald Noack GbR
,1069347,Schleich Ruppert e.V.
,1014591,Kitzmann Stiftung & Co. KG
,1008497,Scheibe Dussen van AG & Co. KG
,1038604,Mende Mude GbR
,1039659,Mentzel e.V.
,1097555,Kabus
,1055563,Gröttner
,1001925,Hande Boucsein GmbH
,1072924,Buchholz
,1071433,Junitz AG & Co. KGaA
,1026838,Rädel Bärer GmbH & Co. KG
,1014217,Huhn
,1022036,Gierschner AG & Co. KG
,1017250,Budig Flantz GmbH & Co. KGaA
,1053259,Mies Süßebier GbR
,1019830,Putz e.V.
,1081186,Martin KG
,1057385,Bachmann
,1025809,Fritsch
,1029431,Klemm Häring GbR
,1004339,Börner GmbH
,1061519,Wende OHG mbH
,1091004,Wiek Matthäi OHG mbH
,1047034,Oestrovsky
,1085589,Drewes GbR
,1057149,Jockel Stiftung & Co. KGaA
,1066106,Biggen
,1091084,Ritter GmbH & Co. KGaA
,1057335,Birnbaum Biggen GmbH & Co. KG
,1050519,Mangold OHG mbH
,1081262,Bender Sontag KG
,1070805,Hölzenbecher KG
,1059915,Mangold Zobel AG
,1030474,Rosemann
,1099991,Finke Naser Stiftung & Co. KGaA
,1062305,Ackermann
,1062369,Mende
,1074311,Lindau AG & Co. KG
,1085198,Davids Binner GmbH
,1039686,Zahn Bonbach GmbH
,1000720,Käster Stiftung & Co. KGaA
,1029254,Heuser GmbH
,1090691,Stey GmbH & Co. KG
,1040994,Gieß AG & Co. OHG
,1079002,Weller
,1002417,Gute GmbH & Co. KG
,1042569,Kruschwitz Beier GmbH
,1073171,Kensy Schuchhardt GmbH & Co. KG
,1080030,Beier KG
,1081097,Nerger KG
,1013245,Mans GmbH & Co. KGaA
,1091235,Noack OHG mbH
,1064161,Henk KGaA
,1038260,Dörr KG
,1061873,Niemeier GmbH & Co. KG
,1044347,Hentschel Röhrdanz GmbH
,1069575,Scheuermann
,1010193,Wiek OHG mbH
,1020251,Eckbauer
,1074709,Käster KGaA
,1072300,Guggenberger Ltd
,1072201,"Adam, Höfler and Penz"
,1015865,"Pohl, Hirschmann and Holzknecht"
,1052806,Heller PLC
,1015592,Graf Ltd
,1048850,"Maurer, Scharinger and Hechenberger"
,1084647,"Gärtner, Graf and Thurner"
,1048473,"Haindl, Uhl and Frisch"
,1080360,"Karrer, Bräuer and Bräuer"
,1014616,"Pokorny, Schaller and Kremser"
,1098867,Schön Ltd
,1088323,Pichler-Stifter
,1049481,Klug-Haslinger
,1077950,Lamprecht Ltd
,1043692,"Engl, Neuhauser and Paier"
,1089967,Pfeifer Group
,1009232,Meusburger-Edlinger
,1014733,"Rudolf, Berchtold and Heinzl"
,1079231,Hirsch Group
,1052653,Petz and Sons
,1063848,"Schindler, Hofinger and Eberhard"
,1066311,"Postl, Schmid and Blümel"
,1080058,Schwarz-Kaindl
,1028297,"Wieser, Grabner and Kaiser"
,1056963,Schmid and Sons
,1024376,"Schäfer, Geier and Lechner"
,1046769,"Ott, Haas and Trauner"
,1083843,Eisl-Bock
,1003341,Fritsch-Wiener
,1036144,Buchberger Ltd
,1079727,Wurzinger PLC
,1061512,Frey-Dengg
,1007070,Schaffer-Aichholzer
,1051729,"Klingler, Wieland and Hartl"
,1039981,Lagler Inc
,1038647,Stoiber LLC
,1062405,"Kugler, Bacher and Schulz"
,1000004,"Karner, Rettenbacher and Mayrhofer"
,1044886,Postl and Sons
,1071757,Baier LLC
,1052360,Scheidl and Sons
,1097673,"Steinwender, Klein and Steinlechner"
,1018167,Santner PLC
,1098051,"Rössler, Keller and Schwendinger"
,1012766,"Juen, Neuhauser and Heinzl"
,1083796,Klingler Inc
,1038440,Schwab-Hofstetter
,1051732,Luttenberger LLC
,1070147,Schöller Ltd
,1025347,Rauter and Sons
,1071474,"Köck, Reif and Bitschnau"
,1006102,Müllner LLC
,1027133,Scherer-Stifter
,1099917,Glaser-Feichtner
,1044764,Feichtner-Haas
,1039547,Muhr-Hauer
,1073008,Sauer LLC
,1029917,Zöchling LLC
,1038224,Galler Group
,1076897,Berger Ltd
,1055114,Hütter-Haslinger
,1033112,"Wöhrer, Krainz and Steiner"
,1084849,Neumayr-Luger
,1087358,"Leber, Harrer and Hammer"
,1004125,Urban and Sons
,1017584,Hosp-Jahn
,1034668,"Pfeiffer, Bösch and Ringhofer"
,1011517,Hämmerle-Huter
,1080353,Kröll and Sons
,1028390,"Buchegger, Galler and Mayerhofer"
,1077053,"Wilhelm, Hattinger and Frick"
,1083912,"Baier, Kreiner and Mark"
,1080794,Kaltenbrunner PLC
,1013365,"Oswald, Burtscher and Leber"
,1021347,Himmelbauer LLC
,1045146,Horn-Rausch
,1093612,Fleischhacker LLC
,1053236,Prenner-Fuhrmann
,1078058,"Farkas, Lederer and Obermüller"
,1086149,Wurm and Sons
,1011488,"Erber, Muhr and Keller"
,1059406,Burgstaller-Gratz
,1078114,Hubmann PLC
,1012689,Strohmaier Inc
,1051659,"Feichtenschlager, Gangl and Fasching"
,1030150,Santner Inc
,1024803,"Janisch, Eder and Berner"
,1023139,Bucher Inc
,1002149,"Steinberger, Schmuck and Grassl"
,1043886,Strohmaier-Schuller
,1024432,"Hämmerle, Harrer and Salcher"
,1036107,"Löffler, Lengauer and Egger"
,1010966,Pinter-Gärtner
,1066057,"Steininger, Maier and Ackerl"
,1035239,Handler LLC
,1072090,Pinter-Rauter
,1060662,"Kirchmair, Felder and Haindl"
,1081465,Riedler Inc
,1094239,"Burgstaller, Klotz and Gasser"
,1083075,Löffler-Haas
,1001878,"Karrer, Bösch and Stöckl"
,1023011,"Paul, Hauer and Thalhammer"
,1004121,Riedl Group
,1023131,Oberndorfer PLC
,1050809,Postl PLC
,1041459,Fritsch and Sons
,1067657,Herbst-Kahr
,1080071,Schaller PLC
,1039582,Rath Group
,1035943,Kellner-Krug
,1042376,Kellner-Ritter
,1033501,Günther LLC
,1030351,"Pirker, Schubert and Wögerbauer"
,1045542,Kral-Lindorfer
,1091203,Kaiser-Stütz
,1087378,Eder Inc
,1050455,"Steinwender, Grabher and Wurm"
,1030260,Sailer-Heim
,1027890,Zimmermann-Köll
,1072457,"Edlinger, Meindl and Steinbauer"
,1031217,"Neulinger, Vogel and Reichl"
,1042145,"Gross, Kaindl and Taucher"
,1030594,Beer-Bader
,1060752,Moritz LLC
,1017985,Schrittwieser and Sons
,1087254,Schüller-Schrittwieser
,1065627,Jost PLC
,1042869,"Zimmermann, Knoll and Sagmeister"
,1064623,Heim LLC
,1070741,Schön-Renner
,1017381,"Stefan, Kain and Ackerl"
,1043674,Kreiner-Hainzl
,1082698,Sieberer-Buchinger
,1060549,Pammer-Hubmann
,1036819,Berthold Group
,1092210,Steurer-Steiger
,1010827,"Zechmeister, Zeller and Schrammel"
,1014896,"Pfeifer, Feichtenschlager and Koppensteiner"
,1042112,Siegl LLC
,1003611,Gratzer-Eibl
,1000167,Bachler LLC
,1086589,Draxler-Reiter
,1033525,Mandl Ltd
,1051520,Herzog-Reithofer
,1073215,"Stockinger, Rosenberger and Auer"
,1026854,Haberl-Gärtner
,1022032,Gschwandtner-Lichtenegger
,1057680,Heindl-Kirschner
,1064768,"Schiefer, Resch and Ecker"
,1040580,"Pichler, Heigl and Prenner"
,1047780,"Hufnagl, Traxler and Sigl"
,1065246,Kohler PLC
,1034567,Karner Ltd
,1041951,"Schrittwieser, Kocher and Schinnerl"
,1025055,Lindorfer-Denk
,1009517,Jungwirth-Heger
,1096056,Auinger-Fleck
,1052067,"Scherer, Bischof and Trattner"
,1000291,Fiedler-Plank
,1095543,"Kölbl, Scherzer and Galler"
,1067827,"Sattler, Reif and Rieser"
,1087553,Lipp-Stelzl
,1008643,Lipp-Salzer
,1015647,Kremser LLC
,1035087,Macher-Ferstl
,1094307,Langer LLC
,1033660,"Hummer, Neuhold and Prinz"
,1050726,"Leutgeb, Dobler and Stefan"
,1029328,Hemetsberger and Sons
,1055814,"Schachinger, Schmölzer and Fleischhacker"
,1095930,Obermayr-Lampert
,1004455,"Kölbl, Trauner and Hell"
,1047442,"Oberleitner, Schneeberger and Pacher"
,1040779,"Stoiber, Seiler and Rotter"
,1096226,"Grabner, Hauer and Hübner"
,1037392,Pauer LLC
,1039880,Kasper-Klammer
,1077843,Reichl-Edlinger
,1058615,Teufl LLC
,1021133,Waldner-Schwab
,1000049,Lang-Plank
,1018013,Kiss-Mitteregger
,1084039,Schaffer-Bernhard
,1068599,Hölzl Group
,1030331,Reitbauer-Bachmann
,1067441,"Hoffmann, Gross and Reisinger"
,1085446,Grabner and Sons
,1092861,"Stocker, Rieder and Riedl"
,1012096,Hufnagl-Klingler
,1077445,Oberndorfer and Sons
,1012131,Stadlbauer-Reitinger
,1086295,"Hinteregger, Ackerl and Neumüller"
,1013390,Pesendorfer-Schweighofer
,1084029,"Leibetseder, Schmuck and Schrittwieser"
,1030846,Zeilinger-Reitbauer
,1025984,Hartl Inc
,1021365,"Stütz, Müllner and Leber"
,1041919,Froschauer and Sons
,1093173,Tanzer-Karrer
,1030652,Reich-Blauensteiner
,1022175,Rottensteiner-Weiser
,1038151,"Greiner, Taucher and Klaus"
,1045137,"Moser, Scheucher and Grabher"
,1091964,"Resch, Mayerhofer and Bräuer"
,1050145,Hirschmann Ltd
,1085181,"Fellinger, Kössler and Fritz"
,1044719,Wiesbauer-Herbst
,1071773,Hattinger PLC
,1016605,Riepl and Sons
,1011127,"Loidl, Schartner and Froschauer"
,1076858,"Renner, Pfeffer and Grabher"
,1015024,Roth-Biedermann
,1086174,Wilfinger LLC
,1004970,Stockhammer Ltd
,1092827,Schütz LLC
,1055827,"Schwendinger, Klotz and Renner"
,1043493,Draxler LLC
,1032113,Schäfer-Müller
,1025404,"Stangl, Bräuer and Holl"
,1058845,"Mader, Steinböck and Zeiner"
,1070830,Galler-Pöll
,1008611,Eberharter-Eibl
,1079240,Herrmann-Hutterer
,1016015,Schiller-Haslauer
,1047227,"Scholz, Pfister and Hammer"
,1028761,"Danner, Bergmann and Trattner"
,1074508,Ladner Group
,1046277,Hell Inc
,1091884,Klocker Group
,1068786,Stoiber-Blum
,1037351,Jöbstl LLC
,1055936,Springer Ltd
,1070129,"Farkas, Baldauf and Mörth"
,1002014,"Staudinger, Kain and Wenzl"
,1032455,Bitschnau-Paulitsch
,1007344,Kronberger-Sieberer
,1091532,Reiner-Schatzl
,1088341,Walch-Brandstätter
,1000999,"Traxler, Graf and Auer"
,1086752,"Jovanovic, Rosenberger and Rausch"
,1064758,"Moosbrugger, Böck and Lipp"
,1033779,"Schindler, Hell and Stern"
,1040286,"Hödl, Roth and Kugler"
,1016368,"Steinbauer, Gabriel and Reinprecht"
,1014042,"Wallner, Bachinger and Sieber"
,1089856,Hermann-Tischler
,1018100,"Strauß, Schöpf and Kaindl"
,1030935,Scheucher-Nagl
,1067856,"Mayrhofer, Vogler and Felder"
,1061117,"Trimmel, Köck and Haas"
,1023005,Landl-Rauter
,1037388,Kocher-Trauner
,1074681,Blum PLC
,1081101,Engel-Laimer
,1010856,Fischer Group
,1085851,Dobler-Gärtner
,1041352,Paul Ltd
,1094188,Kunz-Fuhrmann
,1074511,"Gratz, Ladner and Forstner"
,1096593,Windisch PLC
,1050840,Hosp PLC
,1049301,Haslinger Inc
,1021065,"Gschaider, Wiesbauer and Biedermann"
,1063819,Weinberger and Sons
,1047900,"Schön, Penz and Fellinger"
,1002861,Heim-Mitteregger
,1014847,Stiegler-Schwendinger
,1058641,"Strauss, Schwab and Engel"
,1053353,Mohr-Huemer
,1061619,Ulrich-Sigl
,1016172,Schmölzer-Kogler
,1020082,"Stangl, Grünwald and Weigl"
,1075322,"Ferstl, Ferstl and Rotter"
,1076914,Trauner-Schrittwieser
,1022971,Thurner-Sauer
,1057943,Fellinger-Sperl
,1080464,Kölbl-Schmidinger
,1093740,Erler Ltd
,1049233,Gassner Group
,1058946,Held-Gasser
,1019889,Forstner PLC
,1066818,Zeilinger Group
,1079229,Stütz-Burger
,1054878,"Seiwald, Klocker and Paier"
,1096242,Payer Ltd
,1051221,"Schmuck, Engel and Singer"
,1017582,"Wurzer, Hölzl and Köberl"
,1048797,Fischer Inc
,1044761,"Rainer, Stütz and Denk"
,1012921,Schwaiger-Suppan
,1076759,Arnold Group
,1096089,Steinberger-Wandl
,1011299,Singer-Bachinger
,1069121,"Friedl, Höfler and Ostermann"
,1083023,"Nussbaumer, Waldner and Riegler"
,1009827,"Schröder, Gratzl and Stöger"
,1088921,"Mühlbacher, Gasser and Meixner"
,1079341,Krainer Group
,1036934,Neuhauser-Hofer
,1034086,Stockhammer-Stückler
,1026822,Huter-Neumayer
,1038181,Fink and Sons
,1059325,Brandtner-Bachinger
,1082493,"Dallinger, Achleitner and Stummer"
,1009984,Egger-Hirschmann
,1066079,"Stark, Scherzer and Böhler"
,1075396,Bichler-Zehetner
,1042555,Dietl-Kronsteiner
,1043288,"Mathis, Bauer and Mann"
,1076913,Horak-Schwarz
,1010556,Weissenböck Inc
,1091113,"Gross, Bogner and Nemeth"
,1045155,Wieser PLC
,1076072,Dietl Ltd
,1036217,Pauer Group
,1012436,Jung and Sons
,1035474,Neuhold and Sons
,1003717,"Haindl, Stummer and Schöffmann"
,1061419,Geiger PLC
,1017749,Schiller and Sons
,1094701,Leber-Kaltenböck
,1062448,Brandner-Muhr
,1094569,"Kager, Amann and Juen"
,1010282,Stelzl-Paulitsch
,1007915,"Praxmarer, Kral and Pichler"
,1007096,Rieger-Nußbaumer
,1001415,Karner-Vogt
,1022755,Zeiner LLC
,1007103,"Heinz, Paul and Berger"
,1040213,Häusler-Sammer
,1094104,"Gritsch, Schmidt and Fleischhacker"
,1049433,"Steiger, Sommer and Frisch"
,1068991,Stocker LLC
,1034624,Schiestl and Sons
,1013253,Macher Group
,1038011,Hofstätter-Leeb
,1027336,Krall-Fabian
,1068929,Neuner and Sons
,1018651,"Fasching, Parzer and Lampl"
,1057186,Rauscher-Strohmayer
,1084348,Köberl PLC
,1058726,"Scheucher, Denk and Breuer"
,1053041,Weinberger-Niederl
,1026739,Staudinger-Huber
,1023474,"Neureiter, Kolb and Rieger"
,1064108,Pucher and Sons
,1011868,Horn Ltd
,1097193,Tiefenbacher Ltd
,1035573,Fiedler-Reiter
,1071237,Sorger Ltd
,1026042,"Jank, Haider and Hell"
,1007981,"Holzer, Huber and Klammer"
,1028743,"Strohmayer, Bayer and Grassl"
,1042952,"Rohrer, Decker and Stummer"
,1050502,"Hinteregger, Karner and Lammer"
,1063008,Jenewein Ltd
,1062972,"Leitgeb, Dietl and Zeiner"
,1097420,Reinbacher and Sons
,1018360,Schreiber-Achleitner
,1014426,Weber PLC
,1028927,Hollaus-Leibetseder
,1070790,Meister PLC
,1081747,Erlacher PLC
,1000078,Weiss-Schober
,1086498,"Prantl, Hofbauer and Kraft"
,1082756,Burger and Sons
,1002677,"Lederer, Karner and Prenner"
,1080327,Schrammel-Reichel
,1050778,Oberhauser Group
,1086568,Scherzer-Lang
,1006036,Pöll-Berner
,1023179,Ernst LLC
,1057034,Geiger Ltd
,1024326,Wiedner Group
,1039816,Stummer-Wiesbauer
,1088653,Kargl Inc
,1064010,Fuchs-Herbst
,1047846,Biedermann-Eisl
,1047433,"Schiller, Dorfer and Gross"
,1035228,Heinzl and Sons
,1015777,"Dorner, Schmidl and Pirker"
,1095343,Ullmann PLC
,1043815,Unger-Sonnleitner
,1074929,"Gross, Rosner and Unterweger"
,1053543,Hochleitner Group
,1078899,"Schöffmann, Jost and Neumeister"
,1024400,Niederl-Peter
,1006380,Schaffer Inc
,1047845,Schubert-Hammerer
,1021746,"Markl, Albrecht and Zangerl"
,1058882,"Eberhard, Pokorny and Sammer"
,1074547,Lintner-Fürst
,1048810,Schuster-Rossmann
,1070497,"Stefan, Danner and Reitinger"
,1070613,Thurner-Fichtinger
,1046333,Reinbacher Inc
,1081083,Jauk-Mühlberger
,1074259,Dietrich-Steinbauer
,1033127,"Toth, Schinagl and Riepl"
,1019922,"Kraxner, Held and Lampert"
,1081105,"Mitterlehner, Zotter and Schöpf"
,1094773,Winter and Sons
,1060935,Taferner PLC
,1093581,"Neuwirth, Reischl and Schwendinger"
,1072287,Fink-Gabriel
,1096835,Schinagl-Brandstetter
,1020233,"Gschwandtner, Windisch and Fleischhacker"
,1050217,Baldauf-Bogner
,1035679,"Heller, Kummer and Bacher"
,1026145,"Gmeiner, Rohrer and Hörmann"
,1043015,Schiestl Ltd
,1070892,Gindl Group
,1030164,"Kaltenegger, Petz and Bader"
,1069853,Mitteregger PLC
,1081791,Zimmermann and Sons
,1067602,"Hammerer, Kucera and Geisler"
,1077867,Schmied-Vogl
,1027228,Polzer LLC
,1087265,Stiegler and Sons
,1077219,"Lagler, Maringer and Putz"
,1091445,"Hochreiter, Adler and Pilz"
,1048709,"Hollaus, Unterweger and Toth"
,1025634,Landl LLC
,1082469,Gratz-Spreitzer
,1050922,"Achleitner, Neumayr and Bachler"
,1049056,Kucera LLC
,1031928,Frick Inc
,1064635,Pock Group
,1037773,"Kessler, Meusburger and Hübner"
,1033207,"Reithofer, Grünwald and Kainz"
,1019295,Wallner Group
,1094496,Hafner-Meixner
,1053253,Draxler Inc
,1016778,Bräuer-Lerch
,1046361,Nußbaumer LLC
,1079505,Bucher-Posch
,1067871,Fellinger LLC
,1078935,Wittmann-Pauer
,1089449,Fleck and Sons
,1038895,Koppensteiner-Sailer
,1098503,"Martin, Unterberger and Riegler"
,1022754,"Kreidl, Taferner and Dorner"
,1080268,Holler-Bock
,1010866,Hochreiter-Lerch
,1020242,Harrer-Teufl
,1053854,Ecker Inc
,1084739,Strohmaier Ltd
,1017788,List LLC
,1035336,"Rausch, Nagele and Winkler"
,1041664,"Schrammel, Kolm and Frick"
,1013350,"Eder, Steininger and Dünser"
,1002226,Grabher-Pfeiffer
,1075737,"Reichel, Eller and Albrecht"
,1034884,Kaspar-Prinz
,1045418,Blum Group
,1046535,Bayer-Hackl
,1075702,Jung-Berthold
,1085324,Handl Group
,1060745,Rabitsch-Mayr
,1029014,Wild Ltd
,1076559,"Guggenberger, Bachmann and Wallner"
,1009784,Mair-Wolf
,1034680,Froschauer-Margreiter
,1015130,Ritter LLC
,1032222,Wenzl and Sons
,1096473,Kellner LLC
,1038285,"Walch, Pammer and Neuhold"
,1030713,"Hauer, Lechner and Seifert"
,1004112,Punz-Holler
,1037697,"Sommer, Kolar and Jandl"
,1086150,"Simic, Yilmaz and Ortner"
,1028154,Lederer-Markl
,1013651,"Wagner, Oberndorfer and Zenz"
,1092237,"Schubert, Petz and Kraxner"
,1072039,Stockhammer Group
,1093047,Heiss-Fröschl
,1071505,Klausner Ltd
,1093461,Gutmann-Hafner
,1033195,Schmölzer PLC
,1091829,Feichter Inc
,1003039,Schwarzinger Group
,1051205,"Pauer, Wimmer and Hinterleitner"
,1022816,Erhart-Weiss
,1005567,Kreiner LLC
,1041067,Holzer Inc
,1011401,Bachinger-Macher
,1030686,Moser-Eisner
,1003204,Kral Inc
,1038495,Sperl PLC
,1044864,Eberharter PLC
,1004272,"Rudolf, Tischler and Hemetsberger"
,1033786,"Kalcher, Unterberger and Rudolf"
,1064207,Kammerer-Trauner
,1014923,Vogt Group
,1029183,Dorfer-Groß
,1072099,"Weiss, Kastner and Resch"
,1093634,"Weissenböck, König and Bodner"
,1063244,Steininger Ltd
,1028204,"Schaffer, Kocher and Friedrich"
,1084985,Neubauer-Leopold
,1023866,Mettler and Sons
,1013738,"Ott, Imhof and Schmid"
,1078401,Pfister-Häfliger
,1053801,"Frick, Schaub and Schmidt"
,1020354,Hauser Group
,1053373,Schärer-Bachmann
,1085935,Schlatter-Sigrist
,1033599,"Sidler, Weber and Schwarz"
,1059807,"Grob, Ernst and Portmann"
,1051926,"Lüthi, Hauser and Martin"
,1091021,Baumgartner Group
,1067085,Schnyder-Frei
,1077720,Spörri LLC
,1021720,"Aebi, Felder and Stutz"
,1057389,"Steiner, Stauffer and Hofer"
,1084468,Wagner Ltd
,1028734,"Schwarz, Braun and Spörri"
,1002867,Peter Group
,1051474,Schürch-Häfliger
,1075776,Studer Group
,1013636,Gut-Vogel
,1016742,Merz PLC
,1056040,"Hess, Frei and Frei"
,1022258,Zimmermann-Lanz
,1066857,Baumgartner LLC
,1013974,Meister Group
,1017780,Furrer Ltd
,1044849,Ziegler Inc
,1051747,"Hoffmann, Eugster and Isler"
,1038338,Herzog-Grob
,1096911,Senn-Lutz
,1054251,Forster-Wüthrich
,1022079,Zimmermann-Rüegg
,1011685,Hodel Group
,1082866,Frick LLC
,1024412,Roos-Schneider
,1018831,"Bär, Wirth and Leu"
,1050028,"Schlatter, Wenger and Ackermann"
,1060112,Zürcher Group
,1096333,"Huber, Weber and Keller"
,1021613,Kohler-Kälin
,1095679,"Bühler, Wyss and Egli"
,1051369,Egger Ltd
,1099287,Albrecht-Knecht
,1058242,Stalder Ltd
,1060558,Egli and Sons
,1067328,"Amrein, Haas and Gfeller"
,1020106,"Keller, Gasser and Bianchi"
,1018324,"Suter, Gross and Widmer"
,1006441,Moser-Kägi
,1095945,"Walter, Berger and Kohler"
,1090481,Näf-Lüthi
,1065702,Gloor-Stutz
,1079839,Stöckli-Bär
,1053309,Mayer Inc
,1077350,"Wegmann, Ott and Bosshard"
,1089286,Keller Inc
,1095807,Albrecht-Egli
,1019137,Fuchs-Eichenberger
,1059545,"Fischer, Kunz and Hofer"
,1084190,"Kaiser, Hasler and Wyss"
,1070568,Schneider-Schlatter
,1020517,Hunziker-Graf
,1079577,Meister Inc
,1094467,Amrein-Burri
,1092921,"Koch, Kunz and Schnyder"
,1080946,Steiger-Hürlimann
,1045254,Isler-Meier
,1025343,Meister-Imhof
,1054250,Merz-Spörri
,1088561,Lutz-Felber
,1038066,Tanner-Beck
,1011421,"Schwab, Pfister and Fehr"
,1094248,Zimmermann-Siegrist
,1026764,Aebi-Blaser
,1014252,Fehr-Sidler
,1023894,Ziegler-Lustenberger
,1044274,"Furrer, Walter and Fischer"
,1028458,Egli Ltd
,1006452,Hug Group
,1090890,Wüthrich-Mäder
,1097460,Schuler Ltd
,1068862,"Egger, Hofstetter and Schneider"
,1099506,Schwab and Sons
,1052427,Bühler-Portmann
,1027707,"Ernst, Wüthrich and Ackermann"
,1022013,"Wehrli, Scherrer and Vogel"
,1092225,Grob-Bernasconi
,1062488,Wenger-Schärer
,1016774,Ott-Lüthi
,1087668,Bieri Inc
,1097072,Thommen-Bosshard
,1055029,Fuchs-Hofmann
,1050722,"Kaufmann, Kern and Lüscher"
,1017209,Imhof-Ackermann
,1034682,"Blaser, Steinmann and Meili"
,1033319,"Scherrer, Brunner and Lüscher"
,1069521,"Weber, Lutz and Erni"
,1089534,"Stutz, Schoch and Zimmermann"
,1012301,Royer
,1007925,Bousquet
,1083309,Barbe S.A.
,1078086,Da Silva Torres SA
,1038469,Paris
,1073699,Legrand
,1025980,Rodrigues
,1035377,Georges Gilles S.A.S.
,1026920,Chrétien
,1090508,Moreno
,1099847,Laporte
,1092050,Besson Dumas S.A.R.L.
,1054838,Le Goff
,1055079,Allard
,1021501,Benoit S.A.R.L.
,1008298,Allain
,1056258,Lebrun Moreau S.A.S.
,1020017,Chartier
,1064983,Le Goff et Fils
,1085836,Labbé
,1076258,Thibault
,1059543,Payet
,1065544,Martineau Bertrand S.A.R.L.
,1004510,Da Costa
,1020373,Ollivier Pelletier SARL
,1057113,Lemoine Jacquet S.A.R.L.
,1033640,Gay Leblanc et Fils
,1075199,Gilles Vallée et Fils
,1033011,Guillaume Samson S.A.
,1025003,Thierry et Fils
,1061862,Blanchard
,1025851,Wagner S.A.
,1088761,Sanchez
,1033324,Turpin
,1052273,Blanchet Lopez S.A.
,1084207,Alves Perrin SARL
,1023557,Jacquet
,1004088,Guibert S.A.S.
,1049474,Perez SARL
,1097728,Foucher S.A.S.
,1016332,Vidal S.A.S.
,1009688,Leduc S.A.
,1087497,Menard SARL
,1011954,Garnier Guyot S.A.R.L.
,1098208,Lévêque S.A.
,1022116,Gros SARL
,1013195,Charrier
,1012029,Antoine Daniel S.A.
,1022912,Masse SA
,1027559,Duval
,1072501,Roche S.A.
,1039608,Boulanger SA
,1034686,Da Silva
,1053122,Jean S.A.S.
,1098844,Lamy
,1043183,Ledoux Besnard SARL
,1094554,Navarro
,1038545,Rossi
,1048126,Coste
,1009073,Schmitt
,1026468,Garcia et Fils
,1060787,Faure SARL
,1030511,Bigot
,1021722,Ruiz
,1034504,Chauvet
,1051592,Bruneau
,1006292,Étienne S.A.
,1017541,Dufour
,1073427,Leclerc
,1045236,Andre Mallet S.A.S.
,1022583,Blondel SARL
,1028673,Roy S.A.R.L.
,1054759,Besnard
,1019248,Laine S.A.R.L.
,1022313,Delaunay
,1026636,Blanchard et Fils
,1034485,Verdier SA
,1057433,Lesage S.A.S.
,1057714,Duhamel
,1066539,Lucas
,1078139,Gomes Coulon et Fils
,1084680,Jean
,1052114,Pages
,1094772,Marchal
,1050058,Thomas
,1002290,Rousset
,1033114,Noël SARL
,1027824,De Oliveira
,1081338,Renaud
,1049182,Delahaye
,1080015,Loiseau Chevalier S.A.
,1041165,Bouvier
,1014397,Faure Bouchet S.A.
,1027293,Robin
,1081906,Moulin
,1001469,Carpentier
,1025177,Bodin
,1073539,Pichon S.A.
,1023684,Mace et Fils
,1032065,Boulanger Laurent S.A.S.
,1032011,Salmon
,1075005,Rivière SARL
,1008123,Jourdan Maury S.A.R.L.
,1081238,Delmas
,1098405,Bernier S.A.S.
,1055279,Lamy SA
,1008438,Jacquot
,1024556,Benoit
,1033370,Couturier
,1053555,Pottier
,1046203,Leconte S.A.R.L.
,1005027,Klein S.A.
,1054242,Lebreton
,1017359,Mahe Camus SARL
,1014102,Godard
,1069305,Morin S.A.S.
,1008609,Voisin SARL
,1013139,Dupré
,1009319,Valentin
,1056082,Boucher Garnier et Fils
,1020564,Evrard SA
,1073352,Turpin Arnaud SA
,1066429,Bertrand Lacombe et Fils
,1043658,Torres Launay et Fils
,1044626,Julien SA
,1070463,Neveu Salmon S.A.
,1047293,Moreno Dufour S.A.R.L.
,1068966,Lejeune Valette SARL
,1049734,Pelletier Cordier S.A.R.L.
,1009767,Bertrand S.A.S.
,1041154,Lemonnier Lecomte SARL
,1089093,Torres
,1058555,Verdier
,1006870,Hubert S.A.S.
,1009820,Petit Delahaye S.A.
,1041641,Dias et Fils
,1049213,Brunet
,1075924,Daniel SA
,1031791,Guibert SA
,1065965,Lelièvre Renault S.A.S.
,1057859,Diaz
,1084131,Courtois SA
,1011582,Richard S.A.S.
,1062684,Fouquet Laroche et Fils
,1068531,Techer
,1032698,Guérin SARL
,1043998,Humbert et Fils
,1033539,Alves
,1041749,Le Roux
,1051664,Dumas
,1071307,Marchand S.A.S.
,1040433,Berthelot S.A.S.
,1012423,Adam Rolland et Fils
,1028250,Pineau Salmon S.A.S.
,1001397,Pottier Langlois S.A.R.L.
,1067405,Leroux Berger S.A.S.
,1087950,Lagarde
,1081910,Albert Poulain SARL
,1020467,Laurent
,1080308,Perrot
,1021434,Henry S.A.S.
,1040981,Germain SA
,1087648,Simon
,1083784,Charles S.A.R.L.
,1087255,Bousquet SA
,1060138,Cordier Auger SARL
,1092696,Morin
,1089498,Bourgeois Rivière S.A.
,1079692,Maury Martineau SA
,1075046,Clément
,1011405,Guibert Maillot SARL
,1011255,Hoarau
,1014267,Robert
,1046548,Ledoux
,1038925,Auger Daniel SARL
,1018484,Auger S.A.R.L.
,1086345,Delaunay Guillaume SA
,1068379,Leclercq
,1021769,Munoz
,1085830,Traore
,1035010,Paris Bailly S.A.R.L.
,1091790,Lefebvre Michaud SARL
,1036228,Ferrand SA
,1061385,Chevalier Roy et Fils
,1051517,Aubert SA
,1052924,Antoine
,1037340,Pires
,1090334,Petitjean
,1057788,Jourdan S.A.
,1075865,Godard S.A.S.
,1023192,Roche
,1024457,Barbe et Fils
,1090815,Bonneau Ledoux S.A.S.
,1048809,Raynaud
,1037562,Guibert
,1012730,Grondin
,1093872,Klein SARL
,1045705,Delaunay S.A.
,1075379,Vincent
,1070108,Barbe
,1060116,Toussaint SARL
,1031236,Fabre
,1004982,Caron SA
,1021603,Bonnet
,1081424,De Sousa S.A.R.L.
,1068746,Seguin
,1061969,Boulanger Faure SA
,1051612,Nguyen Pascal S.A.
,1037308,Michel Tanguy S.A.R.L.
,1036735,Pichon
,1038054,Mary
,1025026,Leroy et Fils
,1012045,Pierre S.A.R.L.
,1060035,Leroy Gautier S.A.S.
,1055424,Hardy
,1069740,Sauvage
,1083952,Hoareau Julien et Fils
,1032471,Lecoq
,1082938,Potier Maillet S.A.S.
,1098010,Huet
,1059646,Alexandre
,1038302,Clerc Guyon SA
,1064277,Marin
,1084734,Neveu
,1047817,Mahe S.A.R.L.
,1063867,Pineau Reynaud S.A.
,1096711,Grégoire
,1093285,Giraud
,1070203,Mercier SARL
,1045827,Laporte S.A.S.
,1003738,Lemaire SA
,1080131,Schneider Denis S.A.S.
,1035059,Thibault et Fils
,1010975,Pineau Lefebvre SA
,1039564,Chevalier Caron S.A.S.
,1045226,Lesage
,1075872,Allard Blanc et Fils
,1078658,Vasseur S.A.R.L.
,1045128,Pasquier S.A.S.
,1092188,Jean Hoareau SA
,1066740,Guichard
,1055436,Dupont
,1011031,Rémy
,1017215,Hervé
,1055554,Lopes
,1093984,Gérard
,1049158,Maillot S.A.S.
,1012953,Regnier Royer S.A.S.
,1042958,Laurent Delannoy et Fils
,1005298,Jourdan
,1093028,Bouvier S.A.S.
,1093170,Faivre S.A.R.L.
,1030961,Guillaume Garcia S.A.R.L.
,1073552,Barbier
,1094522,Pelletier SARL
,1094995,Benard S.A.R.L.
,1026864,Jacquot S.A.S.
,1015333,Devaux S.A.S.
,1038710,Jacques
,1000665,Gros
,1076004,Dos Santos
,1097727,Guillet
,1005995,Colas
,1035629,Boucher Rousset S.A.R.L.
,1035975,Boyer
,1092626,Lejeune SARL
,1066093,Vincent Texier SA
,1037081,Gillet
,1012736,Joubert
,1035165,Mendès Bouvet SA
,1079075,Delaunay S.A.S.
,1081782,Perret S.A.
,1073609,Roche SA
,1034646,Gaillard
,1029784,Chevallier
,1004072,Prévost S.A.R.L.
,1021791,Lefebvre SA
,1072434,Klein S.A.R.L.
,1090687,Rocher
,1098563,Andre
,1013208,Vallet
,1015534,Caron Ollivier S.A.R.L.
,1052487,Ledoux Breton S.A.S.
,1097467,Garnier
,1090764,Lopez
,1090159,Breton Dupré S.A.
,1059965,Hernandez Leleu SARL
,1067883,Maréchal
,1005091,Schneider
,1003697,Guillot
,1022384,Charpentier
,1066347,Guilbert
,1070258,Lelièvre S.A.S.
,1055514,Guichard S.A.R.L.
,1006499,Fouquet
,1085953,Thierry Delaunay SARL
,1095363,Pereira Bouvet SA
,1037600,Weber S.A.
,1010633,Pereira et Fils
,1028554,Valette Arnaud S.A.S.
,1028980,Vidal
,1044178,Toussaint S.A.R.L.
,1058254,Bègue
,1093419,Tessier S.A.R.L.
,1072241,Gaudin S.A.
,1092541,Guillou et Fils
,1032807,Weber
,1093694,Normand
,1095085,Paul S.A.R.L.
,1032114,Léger
,1085969,Marques Cohen et Fils
,1037756,Samson
,1001693,Ruiz Vallet SARL
,1005956,Leblanc SARL
,1086036,Gomes
,1093851,Rodriguez et Fils
,1004115,Descamps
,1095593,Fournier
,1076207,Collet
,1083161,Martin
,1053354,Auger Lelièvre et Fils
,1095419,Marie
,1039333,Prévost
,1085373,Klein et Fils
,1037215,Rolland S.A.S.
,1014434,Raymond
,1015909,Bernard Prévost S.A.S.
,1095403,Berthelot S.A.
,1069677,Lebrun S.A.
,1095111,Muller
,1083894,Lombard
,1026338,Gaudin Guibert S.A.S.
,1013699,Aubert
,1024586,Laroche Marty SA
,1058881,Fernandes
,1076092,Dupuis Vidal S.A.S.
,1023806,Charpentier S.A.S.
,1077502,Barbier Martineau S.A.S.
,1085012,Alves Letellier S.A.S.
,1005104,Vaillant S.A.R.L.
,1009417,Evrard
,1060038,Richard Potier SARL
,1026343,Toussaint Marques et Fils
,1074140,Barthelemy
,1010481,Dupuis
,1008735,Baron Joubert S.A.R.L.
,1010214,Hoareau S.A.S.
,1003521,Monnier Bonnin SA
,1072604,Prévost Delahaye SA
,1097298,Leblanc Barre et Fils
,1078325,Boulanger
,1081676,Munoz SARL
,1072659,Marin Rivière S.A.
,1004106,Hervé Guichard S.A.S.
,1022284,Brunet S.A.S.
,1022429,Jacob S.A.
,1006826,Simon De Sousa SARL
,1066596,Paul
,1025220,Delorme
,1085817,Moreau François S.A.
,1031449,Bouvet Buisson et Fils
,1074750,Fernandez et Fils
,1039618,Guyon S.A.R.L.
,1097137,Lucas S.A.R.L.
,1077795,Nicolas SARL
,1064019,Chauveau SARL
,1033110,Baron S.A.S.
,1033784,Letellier
,1083287,Brunel Legros S.A.
,1041084,Martinez S.A.S.
,1061820,Leconte
,1032411,Étienne
,1011201,Navarro Fouquet S.A.S.
,1091873,Martin Maury S.A.R.L.
,1099804,Bouvet
,1007910,Foucher Munoz SARL
,1064076,Ferrand S.A.
,1078998,Devaux et Fils
,1050639,Tanguy
,1094804,Legendre Delmas SA
,1087207,Lecoq et Fils
,1019971,Loiseau
,1062462,Barbier Morel et Fils
,1051485,Blin
,1025051,Coulon S.A.R.L.
,1092291,Martin S.A.R.L.
,1058361,Dumont SARL
,1090116,Diallo Besnard S.A.
,1032190,Legrand SARL
,1019879,Perez
,1038991,Lambert
,1093404,Morin SA
,1044423,Laroche
,1032095,Briand
,1098046,Noël S.A.R.L.
,1024119,Voisin
,1044057,Gérard et Fils
,1029729,Hernandez Ramos S.A.R.L.
,1051194,Chevalier SARL
,1045499,Brunel S.A.S.
,1061022,Garnier SARL
,1006852,Maillet SA
,1015366,Vasseur Gilbert S.A.
,1031613,Lebon
,1051114,Didier
,1022777,Petit Albert SA
,1019856,Chauvet Charles S.A.S.
,1075497,Turpin S.A.R.L.
,1078837,Bourgeois
,1093382,Millet Lopes S.A.
,1064134,Bonnin Royer S.A.
,1090579,Nicolas
,1086718,Picard
,1060655,Normand SARL
,1055039,Colin S.A.
,1051817,Samson S.A.R.L.
,1071683,Gaudin
,1066081,Foucher S.A.R.L.
,1025266,Bonnin
,1026433,Guyot
,1007176,Gomez
,1020639,Guillaume
,1033543,Guillou Georges SARL
,1022367,Dias
,1083883,Maillard Merle S.A.
,1097058,Coulon et Fils
,1097596,Buisson SA
,1025520,Germain Michel SARL
,1025147,Lagarde Dupuy S.A.S.
,1091570,Dufour S.A.S.
,1022786,Marques S.A.S.
,1066825,Durand
,1020922,Descamps S.A.R.L.
,1003287,Blin Klein et Fils
,1097837,Camus
,1083971,Berger SARL
,1040693,Marion Roux SARL
,1041738,Delattre
,1097019,Mace
,1083596,Deschamps Guillot S.A.R.L.
,1030082,Boucher SA
,1030947,Pelletier
,1072054,Cordier S.A.R.L.
,1055389,Joseph
,1000184,Louis S.A.R.L.
,1000192,Meunier
,1003220,Le Roux Jacquot S.A.S.
,1067872,Lévêque
,1020525,Valette
,1094211,Bertin S.A.S.
,1035539,Rey SARL
,1085749,Masse
,1099712,Da Costa Simon SARL
,1083718,Fernandez
,1050206,Girard
,1036195,Deschamps
,1017182,Guilbert S.A.R.L.
,1063690,Lemaître
,1009564,Bertrand
,1011090,Durand Berthelot et Fils
,1015027,Millet Weber S.A.
,1057024,Grenier S.A.R.L.
,1034964,Cohen SA
,1000841,Hubert Fournier SARL
,1084403,Michaud Mercier SARL
,1014729,Vallée
,1066912,Humbert S.A.S.
,1040605,Humbert
,1054819,Delattre SARL
,1025252,Gimenez Dupont S.A.S.
,1083164,Denis S.A.S.
,1029791,Sanchez SARL
,1016116,Bernier SARL
,1078025,Bazin
,1027599,Legros
,1024260,Brun SA
,1085834,Gay
,1029473,Collin Foucher S.A.
,1061808,Lecomte
,1012441,Da Silva S.A.
,1072843,Michel et Fils
,1044288,Legros Le Roux S.A.S.
,1061307,Aubry
,1059852,Gomes S.A.S.
,1075959,Colin et Fils
,1006059,Bonnet S.A.
,1033249,Vaillant Fernandez et Fils
,1030757,Renaud SA
,1084194,Riou SA
,1014518,Lecomte et Fils
,1042844,Grégoire Bazin SARL
,1067395,Godard Costa S.A.S.
,1085494,Coulon S.A.
,1021821,Lemaire
,1074440,Martineau
,1057922,Hamel S.A.S.
,1003057,Maillard SARL
,1021900,Chevallier SARL
,1013040,Dubois-Eloy
,1086769,Abrassart-Mathy
,1088696,"Dumont, Delvaux and Thomas"
,1055795,Muller-Georges
,1029315,Henry-Pirson
,1062672,Massart Ltd
,1008772,Lecomte Group
,1028031,"Mignon, Grosjean and Guillaume"
,1062834,Lemaire-Pire
,1069558,"Collard, Noël and Denis"
,1067778,"Bertrand, Constant and Delvaux"
,1078364,"Duchesne, Thiry and Remy"
,1063122,"Noel, Antoine and Vandenberghe"
,1015610,"Duquesne, Marchal and Bovy"
,1000869,Parmentier-Henry
,1023942,Gillet Ltd
,1054199,Mathot Group
,1093293,Huberty-Mathieu
,1066086,Lefebvre-Leclercq
,1066160,Noël Ltd
,1065594,Gillain-Lefebvre
,1070849,Noël LLC
,1047164,George PLC
,1031101,"Collet, Fabry and André"
,1097289,Barbieux LLC
,1072780,Petitjean-Delhaye
,1023429,Adam Inc
,1074356,Fontaine-Thomas
,1070544,Collard Inc
,1047476,Schumacher-Verhaeghe
,1045463,Stevens-Gilson
,1089858,Wauters-Schumacher
,1038340,"Charlier, Lardinois and Lejeune"
,1054973,Michaux Group
,1056295,Durant Inc
,1034263,"Simon, Huet and Jadoul"
,1012930,"Godart, Coulon and Simon"
,1061514,"Compère, Romain and Delmotte"
,1016985,Henrotte and Sons
,1082473,Claes LLC
,1039245,Lucas-Lefebvre
,1016108,Lefebvre-Dupont
,1076218,"Diallo, Thonon and Maréchal"
,1079008,Thonon-Remacle
,1022181,Marchal-Evrard
,1088387,Wouters LLC
,1015994,Vincent and Sons
,1021912,Leclercq-Gérard
,1045446,Lejeune-Lecomte
,1036574,Piron PLC
,1090444,"Godefroid, Grandjean and Boland"
,1060702,Maton Group
,1023451,Louis PLC
,1018587,Léonard-Delcroix
,1012154,"Maréchal, Gobert and Materne"
,1072451,Messina-François
,1017180,"Peeters, Demaret and Ernst"
,1026919,Leclercq PLC
,1099608,Simon-Lecomte
,1007391,"Salmon, Collard and Wathelet"
,1038220,Bodson Inc
,1062821,Libert LLC
,1064383,Parent and Sons
,1084886,Toussaint Inc
,1069065,Gallez-Lefebvre
,1018331,Smets Inc
,1001231,Gillain-Sacré
,1036950,"Leclercq, Pire and Anciaux"
,1035930,Demir Ltd
,1087812,"Ruelle, Pirlot and Servais"
,1086696,Duez-Berger
,1020670,Delcourt LLC
,1055268,Noel-Guillaume
,1070329,"Hubert, Godin and Dufrasne"
,1075461,"Janssen, Brasseur and Toubeau"
,1043126,"Lenaerts, Nguyen and Bourguignon"
,1011179,André-Henry
,1046926,"Lefebvre, Masset and Paul"
,1000579,Henry Group
,1049092,Benoit Group
,1025659,Delforge LLC
,1099587,Collignon-Thomas
,1084140,Michaux-Desmet
,1092354,Petit-Vanderlinden
,1054263,Delvaux Inc
,1007652,"Poncelet, Mahieu and Evrard"
,1060017,Bouchat Group
,1036786,"Cornez, Paul and Grandjean"
,1016297,Humblet PLC
,1015056,"Latour, Leclercq and Renard"
,1076213,Dessart Inc
,1032973,Descamps LLC
,1049582,Jacquet-Jacobs
,1092528,Dethier-Hardy
,1026282,Maréchal-Sauvage
,1070725,Gillard-Lecocq
,1032603,Wilkin PLC
,1050601,Delhaye Inc
,1096599,Wauters-Motte
,1047660,"Remacle, Marchal and Pierre"
,1091444,"Robert, De Clercq and Lardinois"
,1000873,Godin-François
,1013856,Etienne-Nys
,1093536,Delhez-Yilmaz
,1097103,Nyssen Inc
,1057126,Poncelet-Pollet
,1049124,Gilson-Fontaine
,1004292,Herman Inc
,1077613,"Mahieu, Janssen and François"
,1040888,Salmon Ltd
,1034292,"Jacques, Bury and Claes"
,1018256,Goossens-Collin
,1058238,Joly Inc
,1001519,"Thys, Gerard and Closset"
,1071313,Robert and Sons
,1067957,"Lambotte, Maes and Hermans"
,1029512,"Roland, Hubert and Detry"
,1020677,Remy-Jacquet
,1022572,Lange PLC
,1095311,"Guillaume, Huart and Mathieu"
,1091551,Collette-Hardy
,1056435,"Motte, Maton and Hermans"
,1020105,Piette Group
,1028616,Delcourt Inc
,1070650,Motte-Charles
,1087781,Berger-Paquet
,1041225,"Léonard, Denis and Degueldre"
,1016616,"Franck, Henrard and Godfroid"
,1009413,Masson-Donnay
,1008361,"Jacquet, Bodart and Constant"
,1029913,Bovy-Servais
,1087488,"Michiels, Legrand and Charles"
,1082604,"Servais, Peeters and Guillaume"
,1001768,Bodart Ltd
,1001314,Lucas Ltd
,1039336,Orban-Guillaume
,1086103,"Limbourg, Dumortier and Lepage"
,1035134,Sauvage LLC
,1064224,Ledent Inc
,1017608,"Lucas, Demoulin and Maquet"
,1050398,Mahy LLC
,1046062,Lemoine-Maton
,1050488,Grégoire Ltd
,1019669,Orban-Doumont
,1085172,Renier-Beaujean
,1029890,"Bodart, Ernst and Thys"
,1075171,Gérard Inc
,1004252,"Dubois, Cornet and Claus"
,1060667,"Vincent, Paquet and Closset"
,1072199,Carlier LLC
,1054833,Smeets-Dhondt CommV
,1034037,Van Bogaert VOF
,1064135,Breugelmans VOF
,1030173,"Bruyninckx, Boon en Lievens NV"
,1036967,De Pauw-De Keyser NV
,1014238,Segers-De Paepe NV
,1044735,Verbruggen CommV
,1051656,"Leemans, Vanhove en Deconinck BV"
,1006928,"Vanbrabant, Maes en Willems CV"
,1025396,Casier BV
,1005131,"Van den Brande, Smeets en Stevens CommV"
,1069351,"Van den Berghe, Timmermans en Gevaert CommV"
,1078919,"Mahieu, Stas en Stevens CV"
,1076260,"Peters, Polfliet en Jacobs VOF"
,1039797,Demeyer-De Wachter CV
,1066838,Van Assche NV
,1061149,Desmedt BV
,1017124,"De Smet, Verbruggen en Vanhee CV"
,1075312,Van de Voorde CommV
,1004858,Janssen-Peeters BV
,1050081,Bracke-De Paepe BV
,1065703,Hermans CV
,1072012,"Ramaekers, Verlinden en Ali CV"
,1090741,Van Dyck-Vermeulen VOF
,1095255,Van den Bosch VOF
,1001813,"Van Damme, Bracke en Geerts VOF"
,1059717,"Van Hecke, Van de Velde en Baeten BV"
,1092238,Callens-Martens CommV
,1001313,Pauwels-Vervaet VOF
,1058404,"Janssens, Vanhoutte en Willems CommV"
,1025142,"Bossuyt, François en Bollen VOF"
,1061367,"Dobbelaere, Huybrechts en Mertens NV"
,1095432,"De Bruyn, Vermeulen en Verhaegen VOF"
,1084917,"Van Damme, De Wilde en Bruggeman NV"
,1038956,Kaur CommV
,1043714,"Demeyer, Willems en Breugelmans CommV"
,1035049,Buelens CommV
,1085484,"Renders, Maes en Willems VOF"
,1040293,"Vanhoutte, Joos en Van Assche CV"
,1037995,Buyse-Vergauwen CommV
,1012976,"De Smedt, Van Praet en Bauwens NV"
,1076603,"Mertens, Vrancken en Luyten CV"
,1038092,Vranken NV
,1007505,"Bauwens, Dubois en Baert VOF"
,1003368,Bogaert-De Boeck CommV
,1074705,"Van Damme, Claes en De Smet BV"
,1080423,Vercauteren-Van den Broeck VOF
,1034133,"De Bruyn, Declerck en Nuyts VOF"
,1051212,Vlaeminck NV
,1091537,"Boonen, Bruyninckx en De Schutter CV"
,1096962,Martens-Janssens VOF
,1067092,Van de Velde-Vanhee NV
,1065074,De Winter-Declerck VOF
,1005358,"De Schepper, Aerts en Decoster CommV"
,1021336,Malfait CV
,1050634,Mertens-Verhoeven CommV
,1051433,Wouters-Rutten CV
,1026987,Buelens BV
,1042993,Huys CommV
,1077918,Mees-Geens CV
,1053758,"Peeters, Samyn en Dhondt CommV"
,1035497,"Van Hoecke, Declercq en Stevens CV"
,1064514,Cuyvers CommV
,1050192,Vanhove-Stroobants BV
,1018600,Lenaerts-Brouwers VOF
,1092524,"Singh, Adriaensen en De Smet CommV"
,1022751,Vanderlinden-De Muynck CV
,1059036,"De Smet, De Ridder en Martens CV"
,1038534,Pattyn VOF
,1031443,Jans-Mortier NV
,1083407,Van Belle CV
,1042174,Mariën NV
,1062574,Smet CV
,1096007,Segers-Verhulst CV
,1029797,"Peeters, Lemmens en Smets CV"
,1003365,Devos-Deprez CommV
,1045920,Claeys NV
,1067970,"Bauwens, Willems en Troch CV"
,1036652,Geerts NV
,1075275,De Coster CV
,1020718,Op de Beeck-Vos BV
,1049442,Van Rompaey CV
,1044290,Cornelis CommV
,1086753,"Van Damme, Heyvaert en Smets CommV"
,1046338,Willems-Pauwels NV
,1034129,"Cools, Geeraerts en Ooms NV"
,1032702,"Vandenbussche, Bauwens en De Wolf VOF"
,1028903,"Goossens, Vermeir en Samyn VOF"
,1051381,Everaert CV
,1061445,Dewitte BV
,1028858,Baert BV
,1012537,"Dhondt, Goossens en Peeters CommV"
,1072341,Verschueren-De Smet VOF
,1042662,Maes VOF
,1041990,"Vermeersch, Beckers en De Rycke CommV"
,1005342,Beeckman-Tanghe NV
,1092040,Ali BV
,1077490,Borremans-Verhaeghe CommV
,1073282,Dewilde-Van Hove CommV
,1083018,Hendrickx BV
,1063599,Geudens-Bogaert CommV
,1084376,Declercq CommV
,1099008,"Vercammen, Michiels en Peeters CV"
,1024601,"Yilmaz, Coppens en Callens BV"
,1015862,Claesen-Wuyts CommV
,1004449,"Pollet, Van Dyck en D'Hondt VOF"
,1076705,"Van der Linden, Devriendt en Verwimp VOF"
,1056750,"Goethals, Baeten en Claes CommV"
,1060130,Daems-Heyvaert NV
,1000444,Cornelis NV
,1047778,De Smet-Van den Broeck VOF
,1057508,Vandenberghe CommV
,1065637,"Willems, Van Landeghem en Poppe CV"
,1068912,Coppens-Goris CommV
,1093150,"Somers, Mertens en Martens BV"
,1047422,"Vermeersch, De Schrijver en Martens BV"
,1026644,"Smets, Leysen en Bonte VOF"
,1032032,Schepens-Dewitte CommV
,1074515,Vandewalle-Kaya VOF
,1097102,Van Hove-Aerts CommV
,1007054,Verstraeten-De Bruyne NV
,1051032,"De Winter, Vaes en Lievens BV"
,1039392,Vandekerckhove NV
,1095932,Everaert BV
,1080554,"Goris, Claes en De Witte CommV"
,1092735,Wouters CommV
,1032931,Segers NV
,1059698,Verfaillie-Desmet BV
,1066498,"Vereecken, De Baets en Vereecken CommV"
,1071961,Stroobants NV
,1066199,Poppe-Aerts NV
,1075852,Hendrickx-De Pauw VOF
,1034643,"Devolder, Jacobs en Bracke CommV"
,1018680,"Jonckheere, Vanderheyden en Verstraete NV"
,1049710,"Van Roy, Van Hove en Parmentier CV"
,1058047,"Mertens, Smets en Dierickx CV"
,1050649,"Dierick, Van den Broeck en Goossens VOF"
,1073638,"Vanhoutte, Decock en Baeyens CV"
,1032404,Van Genechten-Vermeulen CV
,1033442,Van Hecke BV
,1039687,Beckers CV
,1013557,"De Baets, Dewulf en Verstraete VOF"
,1049351,Vandecasteele-Verheyen CV
,1058727,"Dewulf, Buelens en Vranken BV"
,1095097,Martens CV
,1059605,Desmet CV
,1085504,Martens-Vercammen NV
,1039443,"Coppens, Dierckx en Raes VOF"
,1088310,Vermeir-Lenaerts NV
,1035413,Peeters CommV
,1081674,"Van de Walle, Roels en Samyn BV"
,1051979,Peeters VOF
,1044392,Van Dyck NV
,1045816,Ceuppens-Geudens NV
,1072263,Van Rompaey VOF
,1007318,"Vandenberghe, De Ridder en De Backer NV"
,1068580,Heymans CV
,1091388,Janssens CV
,1032713,Nuyts NV
,1057719,"Van Loock, Beckers en Verbeke NV"
,1087169,De Wilde-De Waele BV
,1016203,"Ceulemans, Bekaert en Temmerman NV"
,1057876,Matthijs CommV
,1028539,Beckers-De Block BV
,1044277,Verhulst CV
,1005498,Colman NV
,1091328,De Bock-Maes CV
,1054557,De Wilde NV
,1086684,"Lambrechts, Boeckx en Vandaele CommV"
,1085066,Deconinck CommV
,1040522,Verhaeghe NV
,1092519,"De Paepe, Christiaens en Van Raemdonck NV"
,1032905,Van Nuffel CommV
,1001298,Wouters-De Muynck CommV
,1068448,Hermans-De Block BV
,1032736,Claes-Lemmens VOF
,1094833,Mees NV
,1086427,"Pauwels, De Waele en De Cock CommV"
,1062420,Decock CV
,1078175,"Deprez, De Cuyper en Beernaert NV"
,1027194,"Nijs, Peeters en Bosmans VOF"
,1065950,"Janssens, Temmerman en Casteleyn BV"
,1060438,Wuyts BV
,1080791,Pattyn-Vanhoutte VOF
,1095087,De Coster-Viaene BV
,1016244,Vandewalle CommV
,1005742,"Claus, Vermeulen en Andries NV"
,1074450,"Renders, Van den Bergh en Dierckx CV"
,1011979,Schepers NV
,1056007,Peeters NV
,1082872,"De Clercq, Devos en Martens CommV"
,1001975,Dewaele VOF
,1008060,"Van den Eynde, Willems en Van de Velde CV"
,1084302,"Jacobs, Melis en Wouters BV"
,1020405,"Hermans, Huyghe en Dupont VOF"
,1016464,Martens-Mortier VOF
,1032017,Voet-Hermans CV
,1040066,Van Poucke-Martens NV
,1054230,Rosseel NV
,1040297,"Huys, Van Praet en Goris CommV"
,1009846,Poelmans-Hendrickx BV
,1018161,"D'hondt, Thijs en Vanderstraeten NV"
,1050674,"Vandekerckhove, Hermans en De Groote VOF"
,1050900,De Decker CommV
,1030994,"Vandevelde, Torfs en Verheyden NV"
,1004772,"Heymans, Bruggeman en Verlinden BV"
,1029637,Janssen BV
,1029469,Somers CommV
,1096100,"Van Genechten, Van Belle en Feys BV"
,1067584,Dewaele-Hermans VOF
,1062575,Van Campenhout VOF
,1096669,Vermeylen BV
,1037946,Vermeersch BV
,1084787,"Hendrickx, Baetens en De Clerck BV"
,1033614,"Desmedt, Verhoeven en De Wolf BV"
,1007061,Engelen CV
,1027456,Van Hove-Vanderstraeten VOF
,1068772,Lievens VOF
,1048942,"Verheyden, Goossens en Van Daele NV"
,1094500,Aerts-De Bruyne NV
,1089871,Vrancken-Celis NV
,1016449,Adams VOF
,1029385,Nuyts CommV
,1079345,"De Ridder, Nys en De Bruycker VOF"
,1003843,Verlinden VOF
,1007922,"Claeys, Dewaele en Loos VOF"
,1040736,Cornelis-Ceuppens CommV
,1004133,Peeters CV
,1046607,Van Baelen CommV
,1080337,Martens VOF
,1084143,Goossens BV
,1070673,Stevens BV
,1001434,Martens NV
,1042971,Verheyen-D'hondt BV
,1019419,"Janssens, Vermeersch en De Neve CV"
,1082539,Hendrickx-Vandaele CV
,1002410,"Boone, Vanhoutte en Fransen NV"
,1046275,Van Landeghem NV
,1077392,De Bie-De Smet CV
,1031967,"Callens, Singh en De Cuyper VOF"
,1037509,Viaene-Verdonck CV
,1031975,Claeys-Van Hoof NV
,1073012,David-De Bie NV
,1026512,Jacobs CommV
,1028171,"Pieters, Verheyen en Smits VOF"
,1083003,De Bondt VOF
,1070815,"Hendrickx, Hermans en Goethals CommV"
,1075415,Moens CV
,1038071,"Beckers, Hermans en Stevens VOF"
,1073737,"Verhoeven, Dewaele en Claes CommV"
,1001899,"De Ridder, Lambrechts en Simoens VOF"
,1079046,Vaes-Bertels CV
,1014485,Van Hecke-Vercruysse VOF
,1057851,Jonckheere-Holvoet NV
,1039979,"Heymans, Desmet en Janssens CV"
,1068335,Bertels-Huysmans NV
,1099065,Raeymaekers BV
,1053190,"Parmentier, Van den Eynde en Pauwels NV"
,1069555,Bosmans CV
,1090051,Dewulf-Peters CV
,1091980,"Van Dyck, Mertens en Vanbrabant NV"
,1058246,Bollen NV
,1014369,Meersman CV
,1076940,Poppe VOF
,1063709,Bracke-Thomas VOF
,1060733,Lemmens-Meeus CommV
,1087163,Wauters-Janssens NV
,1072291,Van Laere-Peeters BV
,1023471,De Bruyne-De Groote NV
,1092912,"Bosmans, Vercauteren en Jacobs VOF"
,1057060,Moors-Van Looy BV
,1043272,Willems-Verstraete VOF
,1076256,Goossens-Mariën CommV
,1056342,Demeulenaere-Pattyn NV
,1002481,Segers VOF
,1029460,"Wynants, Celis en Verheyen BV"
,1057210,De Leeuw-De Smet BV
,1005812,Verbist BV
,1025762,Matthys-De Clercq NV
,1020469,De Waele BV
,1042294,Verheyen CV
,1065501,Neirynck-Parmentier VOF
,1007623,Smits-Boon VOF
,1014688,Smets-Ceulemans CommV
,1055496,"Verheyden, Verfaillie en Janssens CommV"
,1045066,"Pattyn, Deckers en Horemans BV"
,1012748,"Willaert, Nys en De Wilde VOF"
,1003642,Smolders CV
,1015281,Van Camp VOF
,1016199,"Vandamme, Claeys en Celis BV"
,1083957,Pollet-Timmermans VOF
,1083002,De Baets CommV
,1064828,Roose-De Cock VOF
,1073274,"Matthijs, Vandenbroucke en Wouters NV"
,1098071,Roelandt-Van der Auwera CommV
,1014288,Bekaert NV
,1045169,Engels BV
,1007722,Ooms-Claessens NV
,1057462,Dejonghe VOF
,1002017,D'hondt CommV
,1083969,"Boone, Vandekerckhove en Meyers VOF"
,1097469,"Michiels, Boone en Put CV"
,1024904,Tack CommV
,1053492,"Debruyne, Van Acker en Van Hoof BV"
,1037759,Lemmens CV
,1065097,Dierick NV
,1081789,Verhelst-Michiels VOF
,1095782,Wauters-Goossens CV
,1023827,Thijs NV
,1082784,Hoste CV
,1040899,Eeckhout-Raes NV
,1094092,De Smedt CV
,1064734,Segers-Pieters CV
,1095304,Callewaert-Cornelis VOF
,1064197,Vermeiren CommV
,1051257,"Adriaenssens, De Bruyn en Lenaerts VOF"
,1089928,Lemmens-Herman NV
,1092452,"Verlinden, Broeckx en De Keyser VOF"
,1026561,"Driesen, Janssen en Goossens CommV"
,1024713,Van den Broeck VOF
,1082787,"Pauwels, Deconinck en De Jonghe CV"
,1058886,De Bruyn NV
,1017762,Tack-Martens VOF
,1086362,Goossens CV
,1067107,Jacobs BV
,1003159,"Thijs, Bauwens en Borremans VOF"
,1038621,Vandevelde-Van den Broeck NV
,1041940,Nijs-Swinnen NV
,1002843,Dupont-Yildirim CommV
,1077291,Bossuyt-Hoste BV
,1002611,"Jacobs, Heremans en Joris CV"
,1078863,Van den Broeck BV
,1007756,"Pauwels, Vos en Vermeersch CommV"
,1004840,Van Goethem-Verhoeven NV
,1015219,Wouters-De Bruyne NV
,1085793,Meert BV
,1086622,"Maes, Temmerman en Stas VOF"
,1069530,Hoste-Goossens VOF
,1066067,"Callewaert, Baeyens en De Smedt CommV"
,1057282,Bruggeman CommV
,1077012,Heymans-De Bock CommV
,1007742,Daniels CV
,1048880,Bogaert VOF
,1077612,Vos VOF
,1091391,Verschueren BV
,1070233,De Meyer NV
,1078833,Deckers-Hermans BV
,1049418,Baeyens NV
,1006310,"De Ridder, Standaert en Aerts VOF"
,1067009,Claessens BV
,1062620,Jorrisen & van der Laar
,1050098,Rabobank
,1024555,BNP Paribas
,1068716,Royal van den Broek
,1016810,Rutten NV
,1070742,Martens BV
,1067455,Hagendoorn BV
,1078516,Verda & van Opper-Lotharingen
,1087291,Latier & Hermans
,1015177,Royal Peronne
,1080019,de Bruyn & Beijring
,1095558,Royal Ponci
,1040080,Lieshout & Huel
,1060366,Boon Edam
,1049955,Koninklijke van Grinsven
,1002173,Cosman & Willemsen
,1005476,Perkins BV
,1090789,Royal Bos
,1062016,de Koning Groep
,1089751,Flynth Adviseurs en Accountants
,1023530,van Allemanië Groep
,1055098,van Cuijck & Hemma van Allemanië
,1009572,Vermeulen & van den Nieuwenhuijsen
,1090087,Koster NV
,1059658,Dries Groep
,1057191,Tins & Diesbergen
,1090720,Koninklijke Geerts
,1049880,Koninklijke Lips
,1099769,van den Wittenboer & van der Strigt
,1031948,Cargill
,1074057,Koninklijke van Dalem
,1078285,Jumbo
,1077714,Landal Greenparks
,1037200,Rademaker NV
,1085049,van Gemert & Willems
,1094562,Bouthoorn & van de Eerenbeemt
,1048988,Mammoet
,1097739,Stichting van Leeuwen
,1036775,Stichting Kruns
,1086393,Stichting Ferran
,1058971,Royal Roosenboom
,1067813,Arens BV
,1037883,Blaak BV
,1019900,Pauwels BV
,1002452,Stichting Kok
,1090101,Appelman NV
,1005717,Levesque & Pieters
,1069091,van den Velden & Beourgeois
,1063675,Kerkhof NV
,1079304,van den Berg NV
,1028068,van het Heerenveen BV
,1085870,Feenstra
,1045642,Royal Oversteeg
,1071440,Bakker Logistiek
,1024489,Royal Bijlsma
,1075088,Stichting van Dooren
,1042408,Le Grand & van de Leemput
,1035154,B&S
,1092146,Wavin
,1092368,Koninklijke van Buuren
,1000104,van de Velden & Slaetsdochter
,1061353,Fujitsu
,1078483,Koninklijke Luster
,1077791,Konings & Höning
,1019941,Backer & The Elder
,1053266,van de Darnau & Coolen
,1011280,Stichting van Heusden
,1058079,Peak-IT
,1005049,Mercedes-Benz
,1017755,Postma Groep
,1042398,Stichting Hemma van Allemanië
,1008358,Aertsz NV
,1037692,Lips Groep
,1051535,Oemencs Groep
,1052321,NIBC Bank
,1030694,Lucas & Blom
,1000304,Schelvis Groep
,1000329,van den Hoek & Kok
,1069431,van Santen BV
,1086627,Welf Groep
,1032545,Blokland Groep
,1099253,Winnrich Groep
,1089309,Koninklijke Stook
,1052364,Miner & Zwijsen
,1093279,Roukes BV
,1094009,Ordina
,1062364,Royal van der Schuijt
,1053004,Hoppenbrouwer & Cadefau
,1046839,Scuylenborchs & Spruit
,1006934,Ooms & van Eck
,1028206,Rutten Groep
,1033738,Bleijenberg & Hendrikse
,1052614,Boer & de Boer
,1035415,Keijzer BV
,1023215,Marel
,1076205,de Vos NV
,1096575,Post & Dachgelder
,1084345,Nestle
,1081375,Zijlemans BV
,1021748,Unruoch Hunerik BV
,1066475,Tuithof NV
,1035322,van 't Riet NV
,1037968,Stichting Spies
,1096795,Koninklijke van de Ven
,1070174,Dirven NV
,1001957,Koninklijke van den Broek
,1057456,Janssen NV
,1025202,Atos
,1016883,Royal Mangel
,1001000,Loep BV
,1088862,Hakker BV
,1087334,Koninklijke Meis
,1074022,Saxo Groep
,1063036,Royal de Vos
,1038555,Heyne NV
,1022031,Lieshout BV
,1041753,Vrancken BV
,1060776,Lekkerland
,1076180,van den Nuwenhijsen & Bresse
,1024055,Koninklijke van Hostaden
,1020921,Heinrichs NV
,1078704,The Phone House
,1078463,Symons NV
,1065764,Royal Verschut
,1074589,Royal de Keijzer
,1062001,Kuilenburg BV
,1075387,Marchal & Schenk
,1075179,Koninklijke van Dam
,1078900,Joosten NV
,1020812,van der Velden Groep
,1071450,Stichting van de Leemput
,1096896,Stichting Recers
,1078730,De Persgroep
,1070079,SBM Offshore
,1038025,Stichting Kortman
,1053941,Koninklijke Verhoeven
,1091380,van Soest & Hoppenbrouwer
,1036456,Wilcken Groep
,1047716,Govarts & Coret
,1096178,Koninklijke van der Meer
,1037888,van Velthoven & Langevoort
,1040168,Menzis
,1059546,Korstman & van de Wal
,1007068,Verbeek Groep
,1069678,Verhaar BV
,1097354,van de Wal Groep
,1063658,Vitens
,1008050,Weijland BV
,1023642,Koninklijke van Drenthe
,1079237,van Embden & Zwart
,1061386,Value8
,1005081,Mens BV
,1084267,Horrocks BV
,1010200,Ouwerkerk & Boer
,1024896,Huisman
,1067848,Brandt Groep
,1063800,van Mook Groep
,1056452,Stichting Dachgeldt
,1095831,Brumleve & Timmermans
,1058681,Doornhem BV
,1040395,van Formbach & Giselmeyer
,1070841,Koninklijke Le Marec
,1077449,de Man NV
,1057232,van der Schuijt Groep
,1016017,Huurdeman & van der Heyden
,1088797,Royal le Briel
,1048733,Dekker & Buijs
,1054427,Royal van der Linden
,1052256,Beernink NV
,1060756,Stichting van Wel
,1027996,VDL Group
,1022353,Avery Dennison
,1060990,Stichting Eelman
,1094492,van der Laar Groep
,1065289,Walter NV
,1009931,Brabant Alucast
,1034310,Stinis NV
,1074129,Vergeer BV
,1015839,van den Wittenboer NV
,1004761,Unica
,1033327,Stichting van Arnsberg
,1023720,RFS Holland
,1063251,Koninklijke van Allemanië
,1052277,CBRE Group
,1080004,Rackham NV
,1055976,Stichting van Laarhoven
,1037984,Scheffers & Claassen
,1073696,Blom & Brizee
,1002196,ING
,1066346,Bidvest Deli XL
,1012638,de Gruil & Cornelisz
,1069050,Frankhuizen BV
,1029070,Wutke & van Ginneke
,1097311,Remeha Group
,1018721,Gerritse & Weyland
,1050885,Royal Jorlink
,1046842,Chrodtrud Groep
,1051786,van der Noot & Jdotte
,1050877,Everde Groep
,1067108,Royal Hoes
,1015493,Stichting Kronenberg
,1088241,Emté
,1031528,van der Velde NV
,1061427,Royal van 't Wel
,1061585,Centraal Boekhuis
,1097259,Stichting van de Ven
,1045002,Royal Hollander
,1086707,Booking.com
,1045172,Zaal Groep
,1010677,Stichting Knuf
,1099894,Koninklijke Schagen
,1082244,Moet & le Gulcher
,1020660,Salet & van Hoevel en van Zwindrecht
,1029501,Koninklijke Honing
,1006487,Koninklijke van Mispelen
,1098390,van Mare & Mulder
,1044716,Zevenboom & Westerburg
,1022200,Köster & Prins
,1011855,Stichting Ligtvoet
,1019720,NFI
,1072697,de Hoog BV
,1078108,Alphabet Nederland
,1052968,Stichting Smith
,1041304,Scherms BV
,1066876,van Luinenburg Groep
,1002259,Royal van Dooren
,1094223,Royal Cammel
,1091789,Galijn Groep
,1092888,Koninklijke Tammerijn
,1088357,Koninklijke Tuithof
,1053052,Koninklijke Geertsen
,1077719,Rek NV
,1018260,Gepa van Bourgondië BV
,1008096,Honing BV
,1042899,Damen Shipyard
,1024747,Koninklijke van Laar
,1022766,van Beeck & van der Meer
,1053601,Molenaar Groep
,1094164,Meyer BV
,1029601,Blom & de Vries
,1041575,Nek Groep
,1052362,VastNed
,1043964,van Breugel & Kamp
,1012132,van Dooren NV
,1033924,van Vlaanderen NV
,1065001,Royal Schilt
,1010212,Klein BV
,1032637,Royal van Landen
,1066265,Fiat Chrysler Automobiles
,1007304,Bol.com
,1088101,Olympia uitzendbureau
,1023123,Royal Frerichs
,1052520,Koster & Lafleur
,1050625,Stichting Wouters van Eijndhoven
,1095763,Royal Hoelen
,1055298,KPN
,1045067,AFAS
,1069089,van Kusen Groep
,1099383,Verheuvel BV
,1097468,Geneart BV
,1065686,Sterkman NV
,1033443,van den Brand BV
,1085162,Pearle
,1067093,Burger King
,1076315,SBS Broadcasting
,1099711,Stichting van Embden
,1048215,van Northeim Groep
,1026251,de Koning & van der Sloot
,1075926,Portaal
,1020819,Schouten BV
,1049179,Royal van Orleans
,1071566,Koninklijke van der Horst
,1056357,Stichting van Nederlotharingen
,1019371,van der Horst & Geerling
,1001213,Hoogvliet
,1075325,Koninklijke Nihoe
,1027893,Koninklijke Verschuere
,1042415,Koninklijke Mosa
,1099822,CCV Holland
,1096655,Kwaadland NV
,1000367,DSV
,1092366,Bouthoorn NV
,1042747,Sarneel & Beourgeois
,1044737,van Brunswijk & Kunen
,1097106,Oostveen & Verschut
,1042161,van Doorn & Spruit
,1001286,Dutch Flower Group
,1099443,Brugman & van de Berg
,1097219,de Bruijn NV
,1050670,Royal Woudenberg
,1082744,Koninklijke de Haas
,1063779,Stichting van Velthoven
,1094896,Verharen & Lambers
,1098495,Stichting Bertho
,1042709,Royal Diesbergen
,1088075,Opmans & van Dongen
,1062285,Eijkelboom Groep
,1064435,Royal Spanhaak
,1078780,Ponci & van Daal
,1023286,Wright & van 't Wel
,1013564,Osterhoudt & de Kok
,1020659,Friehus BV
,1074443,Royal Bierstraten
,1011743,Kuijpers NV
,1082155,van de Wiel BV
,1030819,Jacobs
,1086423,Royal Hulskes
,1064638,van de Pavert Groep
,1098275,Stichting de Keijzer
,1091719,van Bunschoten BV
,1026171,van Laon & Keijser
,1072756,van der Klijn NV
,1000442,die Pelser & van Nus
,1026267,Koninklijke van Ooste
,1068200,Mens & Schulten
,1083624,Royal Bleijenberg
,1062921,Stichting van Mispelen
,1013158,Stichting Scardino
,1056549,E.On
,1030247,Kunen NV
,1087277,van Bruchem & Janssens
,1066744,Atradius
,1027096,Hulshouts & Tamsma
,1071031,Eaton Industries
,1080953,Foot Locker Europe
,1008042,Beekman & Wright
,1043655,Courtier & Verbeek
,1054160,Koninklijke Muller
,1008933,Wolfswinkel & Bruynzeels
,1002073,Stage Entertainment
,1085302,Stichting Scuylenborchs
,1026775,Vegt BV
,1064601,van Drenthe & Everts
,1074200,De Bijenkorf
,1012526,Royal Walter
,1001711,Stichting van Venrooy
,1068909,Koninklijke Garret
,1086990,Koninklijke Backer
,1006451,van Praagh & Volcke
,1044294,van den Bergh & Huls
,1053145,Geldens Groep
,1019069,ASML
,1008092,Stichting Mahieu
,1093746,Zeldenrust Groep
,1042907,Stichting Volcke
,1093145,Relx
,1008420,Muller & Geneart
,1044736,In Person
,1093440,Cefetra
,1069906,Groen NV
,1056225,HDI Global SE
,1011008,Becht & van Dokkum
,1010502,Continental Bakeries
,1001333,Stichting Mulder
,1023502,Koninklijke van de Velden
,1018014,le Floch & Saxo
,1080745,Stichting Levesque
,1075385,de Gruson & Spanhaak
,1028041,Nederlandse Publieke Omroep
,1036835,van der Smeede Groep
,1039724,Hazenveld NV
,1056311,van der Klijn & van Wallaert
,1049618,Becht BV
,1086035,van der Brink & van Wassenaar
,1001841,de Bont & Beourgeois
,1018892,TenneT
,1023070,SIF group
,1083746,van Oirschot NV
,1076232,Zeldenrust BV
,1082596,Q-Park
,1092795,Potters & van der Pouw
,1048378,Royal van Daal
,1062152,van Westfalen & van het Heerenveen
,1054793,Kalman & van Northeim
,1094973,van Oostendorp & van de Pol
,1047001,Hemma van Allemanië Groep
,1074804,Stichting Schilt
,1084754,L'Oreal Nederland B.V.
,1002877,Haring & Jorlink
,1004209,Koopman International
,1033654,Vestia
,1041271,SDU uitgevers
,1011064,van Dalem & Pauwels
,1090688,Stichting van Gils
,1024552,de Jode Vastraedsd NV
,1054705,Royal van Berkel
,1077022,Bosch BV
,1051930,Sanoma
,1072438,Stichting Ramaker
,1097018,BDO
,1034341,Royal Holthuis
,1010251,Stichting Stettyn
,1054765,Brunel
,1062635,Stichting van der Stael de Jonge
,1075611,Bud NV
,1096520,de Wit & Verschut
,1011232,Ohra Verzekeringen
,1052184,Hendriks & Lage
,1017748,Claassen & Ulrich
,1058633,Wolffel BV
,1053699,van Wickerode & van Hagen
,1011023,Chotzen & Schakelaar
,1082011,Brandon & Smith
,1095285,van Boulogne BV
,1088860,Gasunie
,1046608,Gervais & van Gelder
,1019541,Royal van der Meer
,1015216,Stichter Groep
,1069244,Stichting Timmermans
,1024846,Stichting Labado
,1072753,Koninklijke van Beeck
,1022260,Perfetti Van Melle
,1057019,van het Heerenveen & de Korte
,1076791,Goedhart NV
,1064535,van Holland & van der Maath
,1062206,Gerrits NV
,1099453,Eckhardt & Slaetsdochter
,1054276,Schellekens Groep
,1043841,NDC Mediagroep
,1075077,Stichting d' Heripon
,1015152,Vandenbergh NV
,1005775,Koninklijke Langevoort
,1068755,Arcadis
,1045890,de Bruin NV
,1006584,Ten Brinke Groep
,1035288,Koninklijke Stoffelsz
,1013391,Bresse & Latier
,1007179,Royal Grondel
,1086401,Koninklijke Lamotte
,1018134,de Marduras NV
,1030265,van Vermandois & van der Ploeg
,1083321,Croon Elektrotechniek
,1081597,Jonker & Lemmens
,1092075,De Heus Diervoeders
,1024197,Strik NV
,1040291,Bolsius
,1045762,Rouwhorst & Spanhaak
,1048501,Maas Groep
,1002555,Amalrada & Rehorst
,1000961,Royal van Beek
,1007935,Royal Jansen
,1062556,Royal de Bock
,1069332,Veen Bosch & Keuning Uitgeversgroep
,1043532,Royal Overdijk
,1066005,van Dagsburg NV
,1020815,GVB Amsterdam
,1031941,Stichting Lelijveld
,1044169,Bijlsma BV
,1052752,Mathurin NV
,1071517,Stichting Bierstraten
,1085929,Jansen & Wigman
,1001492,Theodoor Gilissen
,1019825,Mercks & van der Kint
,1018916,Nijman Groep
,1062226,Royal Wilcken
,1017195,Staples Nederland
,1098422,Slagmolen & Bakker
,1019352,van Dooren BV
,1023330,Royal Heijmen
,1008850,MSD
,1095309,van den Brink BV
,1080986,Adryaens & Perrono
,1003792,van Kempen & Oude Heer
,1000647,Rituals
,1092898,van der Avoirt & le Floch
,1064951,Stichting van der Sloot
,1033122,van Henegouwen NV
,1003995,Royal van Luin
,1045981,Geerts & Heerkens
,1057411,Stichting Die Bont
,1083904,Meijer & Demmendaal
,1054510,Stichting Zaal
,1014473,Royal Die Bont
,1012252,Stichting de Bruijn
,1009886,Royal van der Loo
,1015408,Lemmens & de Gratie
,1089609,Royal Palman
,1045853,Wooning Groep
,1049754,van Ochten & van 't Wel
,1000862,Mediamarkt
,1092636,VodafoneZiggo
,1065634,Roosenboom BV
,1060034,Coreth von und zu Coredo und Starkenberg & van Oirschot
,1033822,Unilever
,1007598,Gamma
,1023879,van Dillen NV
,1097868,Stichting Rousselet
,1035509,McDonalds
,1060323,Schagen Groep
,1011338,van Asten Groep
,1036500,Aebi Schmidt Nederland
,1069201,Stichting van der Spaendonc
,1057756,Koninklijke Gepa van Bourgondië
,1022729,PostNL
,1000644,Bosch & van Parijs
,1071487,Aschman & van Lucel
,1037014,AgruniekRijnvallei
,1041095,Molen BV
,1021047,Koninklijke Haack
,1018873,van Rijnsbergen NV
,1087888,de Gruil NV
,1086869,Postma & Bolkesteijn
,1018710,van der Veiver & van der Laarse
,1066443,Bluewater
,1038153,Royal Sanders
,1040050,le Matelot BV
,1023407,Levesque Groep
,1066989,van Dalem & Bosch
,1092911,Baker Tilly Berk
,1089673,Lorreijn & van Loon
,1005957,Simon Loos
,1020960,Koninklijke Chotzen
,1080848,Mansvelt NV
,1077208,Multi Corporation
,1074729,Fiere & van Oirschot
,1043671,Beernink & van Dommelen
,1088982,Stichting Gellemeyer
,1077275,Koninklijke le Gallen
,1099385,Wagenvoort & Hoppenbrouwer
,1073243,Uittenbosch & Stook
,1036105,Gerritse BV
,1093883,Koninklijke van der Wal
,1081040,Stichting Jansen
,1030227,Sanders & Mallien
,1085598,FloraHolland
,1049121,van Ginkel Groep
,1095229,Royal van den Bergh
,1008029,Royal Aelftrud van Wessex
,1044890,Neways
,1042706,de Beer BV
,1079813,Blewanus NV
,1095157,Stichting van der Leek
,1025791,BMW Nederland
,1080402,Jansdr & de Bruin
,1023536,Alcatel-Lucent
,1004737,Broeshart NV
,1064965,Koninklijke Wolfsdr
,1082194,Henric van den Nuwenhuse & Dachgeldt
,1088497,Koninklijke Kalman
,1059292,van Zwaben & Lambregt
,1008618,Oda & van Wickerode
,1050324,Stichting van Goerle
,1070955,Koninklijke Sitters
,1097395,Hekker & de Nijs
,1085586,Stichting Ulrich
,1009949,Adryaens & Terry
,1053305,Kuipers Groep
,1077466,Royal Uittenbosch
,1083970,Beernink & Buijs
,1072292,Warner Bros/Eyeworks
,1012316,Wilson Groep
,1085058,Koninklijke van Holland
,1033891,Linschoten & Coret
,1023029,Koninklijke Bruynzeels
,1073448,Kirpenstein BV
,1066497,Arriva
,1028926,Harvey Nash
,1095110,Jdotte BV
,1071705,Royal Glasses
,1056431,DAS
,1087736,der Kijnder NV
,1037814,Dorsman Groep
,1082664,van der Pol BV
,1050797,van Gent & Hendriks
,1055726,Bosch Groep
,1084603,Stichting Massa
,1076442,van den Oever & van Venrooy
,1097818,Achmea
,1063770,Passchiers Groep
,1058000,van Schweinfurt & Aeije
,1072564,Capgemini
,1075363,Strik Groep
,1078153,Kramp
,1068377,Hanos
,1046327,Stichting Claesner
,1004837,BMC
,1058364,Roukes & van Kempen
,1096469,Beourgeois & van Bovene
,1009425,van den Berg & Mol
,1096979,Overeem & van Bernicia
,1023954,van Este Groep
,1016580,de Jager & Verbeek
,1011792,van Herstal BV
,1009012,Huijben Groep
,1075496,Royal Adelaar
,1013227,Cisco
,1071048,Stichting Schenkel
,1014647,Stichting van Hemert
,1039684,Stichting van Enschot
,1016723,Gerritsen BV
,1044903,Stichting Buijs
,1017235,Nyrstar holding
,1058530,Verbeek BV
,1074095,Stichting Bosman
,1053139,Hoelen BV
,1074003,Gerrits & Hanegraaff
,1066209,Acer
,1009907,Raben Group
,1075315,Zwart Groep
,1068075,Solsona Ltd
,1002340,Enríquez LLC
,1057878,"Canet, Rueda and Pelayo"
,1034379,"Portero, Reina and Sanz"
,1027039,Galindo-Galvez
,1088142,"Diaz, Montalbán and Sotelo"
,1000164,Mur and Sons
,1078420,Galan PLC
,1091133,Arjona Ltd
,1094519,Carrera-Dominguez
,1077916,Almeida-Blazquez
,1031982,Abad-Ferrer
,1009355,"Castrillo, Álvaro and Romero"
,1052610,Peralta-Mateu
,1012680,Aguiló Ltd
,1019072,Atienza LLC
,1098734,Calvo Inc
,1006602,"Espada, Coello and Fernandez"
,1015514,Corbacho-Criado
,1043026,Becerra-Luz
,1094197,Morcillo-Rodríguez
,1018976,Sanz PLC
,1011799,Sánchez Ltd
,1088938,"Ferrández, Barral and Quero"
,1022219,Echevarría-Nogués
,1021254,Villanueva-Ramírez
,1061926,"Huguet, Berenguer and Domínguez"
,1046520,"Solsona, Bellido and Franch"
,1001266,Barranco-Arjona
,1086135,Vilalta-Quevedo
,1044673,Porras-Batalla
,1092882,"Beltran, Jódar and Gárate"
,1084994,Madrigal-Castrillo
,1008518,"Pardo, Gomis and Guillén"
,1021086,"Moliner, Ferrándiz and Romero"
,1033977,Sanz-Pujadas
,1048970,Cortes-Lluch
,1069471,Guijarro Ltd
,1032851,Múñiz-Frías
,1092557,Redondo PLC
,1031353,"Gimenez, Andrés and Escrivá"
,1001320,Figuerola-Lloret
,1056512,Haro-Pedro
,1075087,Chamorro-Ledesma
,1049228,Crespi-Iglesia
,1083468,"Diez, Rivas and Iborra"
,1003404,"Luís, Gallego and Castro"
,1090684,Sancho-Conesa
,1049612,Lloret and Sons
,1099404,"Asensio, Iniesta and Barroso"
,1000855,Valentino SPA
,1046558,"Tebaldi, Antonioni e Battelli SPA"
,1045238,Ginese-Ovadia e figli
,1097347,"Bernini, Agnesi e Matteotti SPA"
,1022619,Angeli-Mengolo s.r.l.
,1021293,Traversa-Perozzo Group
,1063017,"Morgagni, Berrè e Jacuzzi SPA"
,1021152,Cuomo SPA
,1011982,Durante s.r.l.
,1026991,"Leblanc, Turrini e Bresciani SPA"
,1084966,Polesel-Tamburi SPA
,1069900,"Borroni, Coardi e Giannuzzi s.r.l."
,1081940,"Nonis, Duse e Mercalli s.r.l."
,1031780,"Molesini, Barcella e Trapani s.r.l."
,1056005,"Trotta, Buscetta e Trentin s.r.l."
,1016349,Comencini-Guidotti e figli
,1030318,Mogherini Group
,1071032,Berengario-Rusticucci Group
,1013531,Gori SPA
,1006696,Pelli-Cesaroni SPA
,1093725,Maspero-Tremonti s.r.l.
,1044693,Carnera e figli
,1023871,Ferrara SPA
,1024371,Calarco s.r.l.
,1087040,Borsiere Group
,1090537,Spółdzielnia Sondej-Sterna i syn s.c.
,1016283,Groborz-Zbróg Sp. z o.o. Sp.k.
,1021048,PPUH Drygas-Amanowicz Sp. z o.o.
,1045216,Stowarzyszenie Hamerla
,1078209,Grupa Fabiszak Sp. z o.o. Sp.k.
,1028286,Gabinety Błażejczak
,1044233,Szramka-Olas s.c.
,1008767,PPUH Gosz s.c.
,1067195,FPUH Jasina-Gzyl Sp.k.
,1099558,Stowarzyszenie Cyganik-Małycha Sp. z o.o.
,1071220,PPUH Liss Sp. z o.o. Sp.k.
,1068089,Spółdzielnia Krzempek-Kopała Sp. z o.o.
,1052647,Stowarzyszenie Żołądkiewicz
,1021317,FPUH Połetek-Krenc Sp. z o.o.
,1084549,Fundacja Zbroja
,1096761,PPUH Falba
,1015154,Spółdzielnia Kononowicz
,1020607,Fundacja Poleszak-Jacak S.A.
,1099204,PPUH Chojna Sp. z o.o.
,1087272,Nagel Sp. z o.o. Sp.k.
,1004624,FPUH Rembisz-Misiaszek i syn s.c.
,1069726,PPUH Noculak s.c.
,1018015,Janc Sp.j.
,1090312,Fundacja Walasik Sp. z o.o. Sp.k.
,1060649,Łuczka-Dumin i syn s.c.
,1091361,Bazyluk Sp. z o.o.
,1081565,Fundacja Hanus S.A.
,1086628,Kolbusz Sp.j.
,1083247,Gabinety Żurawik Sp. z o.o. Sp.k.
,1007770,Henke-Sochaj Sp.k.
,1021494,Fundacja Czupryna Sp.k.
,1080059,Demiańczuk-Gadzina Sp.k.
,1058320,Kazana Sp.k.
,1025831,Kapciak-Sałuda Sp. z o.o.
,1061043,Neubauer-Labocha Sp.j.
,1052403,Gabinety Rabiej-Prejs S.A.
,1036584,Stowarzyszenie Siwka S.A.
,1020491,Kohut-Balcewicz Sp.j.
,1034908,Grupa Pazik-Kościukiewicz Sp.k.
,1076018,Lenik Sp. z o.o.
,1030001,Cecot-Walenciak Sp. z o.o.
,1041645,Smoter-Falba Sp.k.
,1071200,Grupa Drewnik
,1045525,Spółdzielnia Jeżyna Sp. z o.o.
,1018881,Rychert Sp.k.
,1073755,Grupa Wasyluk Sp.j.
,1061439,Spółdzielnia Bazela-Nalazek Sp. z o.o.
,1040063,Stowarzyszenie Bittner Sp. z o.o.
,1030228,Fura-Pacura Sp. z o.o. Sp.k.
,1061068,Spółdzielnia Szajda-Krzyśko Sp.k.
,1045085,Gabinety Walus-Duc i syn s.c.
,1051428,Fundacja Rubin S.A.
,1093131,Marat Sp.j.
,1098857,Grupa Stypa Sp. z o.o.
,1004309,Spółdzielnia Siejak s.c.
,1075733,Spółdzielnia Miszkurka
,1018900,Gabinety Tryc
,1006401,Wojtyś Sp. z o.o.
,1044001,Gabinety Szczechowicz i syn s.c.
,1060941,Zaraś-Pawlonka Sp. z o.o.
,1029739,Gabinety Deszcz s.c.
,1027752,Skwira i syn s.c.
,1045719,Nalewajko S.A.
,1011292,Chalimoniuk Sp. z o.o.
,1093393,Stowarzyszenie Józefczak Sp.k.
,1073296,Budych-Superson Sp. z o.o.
,1061965,FPUH Kus Sp.k.
,1072206,Gabinety Cis s.c.
,1093219,Stowarzyszenie Oczko Sp. z o.o.
,1093830,Grupa Zera S.A.
,1076360,PPUH Łaś Sp.k.
,1054776,FPUH Godzisz Sp. z o.o.
,1085021,Worach-Rogula s.c.
,1046946,Stowarzyszenie Szott-Kudra Sp.j.
,1096496,Ochnik s.c.
,1034874,Björklund & Petersson HB
,1097136,Berglund Gustavsson HB
,1070574,Olsson & Franzén HB
,1028920,Johansson & Lindgren AB
,1067204,Johansson HB
,1068522,Johansson AB
,1017176,Bengtsson Hallberg HB
,1057142,Pettersson AB
,1036718,Mårtensson & Larsson HB
,1063856,Svensson Strömberg AB
,1050553,Andersson Johansson AB
,1015284,Pettersson Lindblom HB
,1001894,Pettersson Jonsson AB
,1077562,Gustavsson Johansson HB
,1000260,Nilsson Svensson HB
,1033416,Olsson HB
,1009578,Jonsson AB
,1083937,Persson Samuelsson HB
,1067915,Nyberg AB
,1002559,Öhman AB
,1046137,Jaakkola Saari Tmi
,1062397,Kemppainen Ky
,1089490,Korhonen Sallinen Oyj
,1015658,Koivisto Oyj
,1023850,Peltonen Kokko Ky
,1063809,Asikainen ry
,1026626,Tuomi Oyj
,1098602,Heiskanen Nykänen Ky
,1097076,Mattila Lehto As Oy
,1096863,Aaltonen Halonen Oy
,1021240,Härkönen Hyvönen Oyj
,1010407,Ikonen Tmi
,1012331,Ruotsalainen
,1009488,Heikkinen
,1014619,Kangas ry
,1059591,Korpela
,1047736,Peltonen
,1055684,Koivula Salminen Oyj
,1007831,Ahonen Tmi
,1007658,Lindholm Vuorinen Oy
,1046849,Manninen Sihvonen ry
,1086602,Heinonen Kemppainen Oyj
,1084531,Kallio ry
,1011913,Kyllönen
,1029916,Hirvonen
,1074616,Pulkkinen Niskanen Oy
,1004177,Parkkinen
,1039229,Holmström Eskola Oyj
,1059096,Lehtinen Juntunen Tmi
,1094774,Jokela
,1017716,Koivunen Kujala Oyj
,1090389,Koskinen
,1071548,Matilainen Leino ry
,1035701,Hautala Mäkelä ry
,1058978,Ahokas Uusitalo Oy
,1022721,Mattsson Pasanen Osk
,1042616,Mäkinen Salo Osk
,1052975,Koivisto Oy
,1051934,Niemelä Lepistö Osk
,1043166,Holm As Oy
,1076874,Makkonen Seppälä As Oy
,1029772,Kankaanpää Osk
,1079507,Penttilä Meriläinen Oyj
,1060964,Tähtinen Osk
,1050329,Saarinen Salmi Oyj
,1033420,Korhonen
,1081077,Karttunen
,1071559,Parviainen
,1024998,Salminen As Oy
,1094265,Kärkkäinen Karjalainen Osk
,1007196,Moilanen Lindroos Osk
,1099154,Lindfors Lahti Oy
,1031959,Halonen Salonen Ky
,1078954,Savolainen As Oy
,1070465,Valtonen
,1096348,Kovanen Immonen Ky
,1043437,Linna Eklund Oy
,1042054,Laukkanen Kettunen Oy
,1054650,Immonen Oy
,1025372,Hokkanen
,1071392,Jaatinen
,1099931,Martikainen Määttä Osk
,1018255,Immonen Nieminen Ky
,1030177,Ahonen Heinonen Oyj
,1081279,Virtanen Markkanen As Oy
,1020824,Hytönen Jussila Oyj
,1004459,Rantala
,1001114,Leino ry
,1095514,Heino Keinänen Oy
,1089542,Lindroos
,1049427,Ranta
,1087467,Kilpeläinen
,1052099,Laine
,1025539,Korhonen Venäläinen Osk
,1064837,Leinonen Rinne Tmi
,1015442,Niemi As Oy
,1040202,Haapaniemi Mäkelä ry
,1056025,Leppänen
,1006012,Hietanen Turpeinen Ky
,1042898,Kiviniemi
,1054692,Hautamäki Laakkonen Tmi
,1027756,Nuutinen Laurila Osk
,1000947,Tamminen
,1050855,Halonen Helin ry
,1015519,Leinonen Keränen As Oy
,1064003,Heikkilä Lehtinen Ky
,1019875,Nuutinen Kallio Ky
,1048669,Kainulainen Pääkkönen ry
,1075061,Laaksonen Rantanen Ky
,1057112,Marttila Karppinen Osk
,1052041,Kallio
,1053767,Lahti Valkama Oy
,1000985,Aho Oy
,1031057,Taipale
,1058093,Haapala Mäntylä Oy
,1071741,Räisänen Vuorela Osk
,1004954,Aalto
,1077165,Laakkonen Vainio Oy
,1075480,Pelkonen Ikonen Osk
,1082735,Laiho Salminen Oy
,1052512,Daniels PLC
,1085070,"Nash, Arnold and Wilson"
,1070384,Williams-Hernandez
,1033579,"Davidson, Ryan and Hinton"
,1034875,West Ltd
,1054517,"Ferguson, Cuevas and Morgan"
,1081179,Simmons and Sons
,1001987,"Scott, Wagner and Jimenez"
,1095308,Coleman PLC
,1070139,Arellano LLC
,1041384,Howard-Harris
,1015763,Ibarra-Anderson
,1033343,"Gonzalez, Baker and Thompson"
,1054516,"Miller, Andersen and Brown"
,1025968,Blake-Adkins
,1085902,Jimenez Ltd
,1007648,Suarez PLC
,1087894,Koch-Washington
,1044270,"Wiley, Ellison and Murray"
,1003288,Nelson-Kelly
,1030938,Cummings-Smith
,1005687,Johnson-Hester
,1090003,"Johnston, Jackson and Phillips"
,1087107,Rodriguez Inc
,1037912,Brown and Sons
,1039397,"Bowman, Simon and Pierce"
,1005749,Porter-Ford
,1098932,Smith Group
,1029991,"White, Wood and Mitchell"
,1015222,Kelly LLC
,1006587,Dixon and Sons
,1075760,"Williams, Walker and Brandt"
,1016422,Clark-Bright
,1041502,Foster-Cuevas
,1046621,Johnson-Russell
,1039458,"Ramirez, Rice and Harris"
,1070023,Lopez-Winters
,1097478,Grimes PLC
,1019718,Harrison LLC
,1097381,Davis-Byrd
,1011321,Lawson-Thomas
,1074454,"Dyer, Johnson and Harper"
,1068319,Casey-Lane
,1097701,Vazquez-Campbell
,1093575,"Kim, Coffey and Ortega"
,1012936,Lynch-Smith
,1005648,"Lewis, Webb and Hickman"
,1028320,"Johnson, Monroe and Mcbride"
,1022206,Taylor-Howard
,1034400,"Hamilton, Brooks and Diaz"
,1036665,"Reed, Johnson and Nichols"
,1038600,"Ray, Dickson and Jones"
,1064691,Powell LLC
,1078117,Hernandez-Guzman
,1041181,"Hendrix, Murray and Ramirez"
,1009726,"Stevens, Baker and Duncan"
,1001756,Chavez-Dodson
,1012138,Greene PLC
,1053670,Combs-Thompson
,1097139,Hawkins LLC
,1069947,Osborne Ltd
,1004939,Ford Group
,1020774,Hickman Ltd
,1033584,"Richardson, Lang and Smith"
,1007523,"Massey, Cooper and Bates"
,1098175,Green and Sons
,1033586,"Ferrell, Duncan and Reilly"
,1040122,"Campbell, Sawyer and Jackson"
,1024353,Parker-Price
,1080862,"Cross, Butler and Wilson"
,1091125,Hardin-Phillips
,1022349,"Stevenson, Robinson and Murphy"
,1010987,Miller-Rodriguez
,1097043,White-Reynolds
,1097764,Smith Ltd
,1012527,"Flores, Newman and Fernandez"
,1096802,Decker Ltd
,1022014,Hill Group
,1012467,Stevens Ltd
,1042605,"Murphy, Jones and Garza"
,1025145,Mann Inc
,1002257,"Manning, Graham and Stephens"
,1008450,Ali-Thompson
,1070317,"Mckinney, George and Jones"
,1035435,"Garcia, Smith and Harrison"
,1049004,"Cannon, Brown and Carrillo"
,1016658,Jimenez-Smith
,1021822,"Arellano, Golden and Johnson"
,1084019,"Hall, Page and Thomas"
,1045360,Gilbert-James
,1000459,Francis PLC
,1074585,"Vargas, Zhang and Chandler"
,1017943,Torres-Olson
,1009811,"Rubio, Sherman and Washington"
,1016603,Ball Group
,1095880,Thompson Ltd
,1036805,Mcdonald-Hansen
,1059481,Daugherty-Brown
,1039499,Stephens PLC
,1038134,White-Dean
,1025611,Nguyen LLC
,1028747,Avila-Werner
,1057167,"Chang, Thompson and Cherry"
,1060460,Blake-Kidd
,1032220,Hernandez-Adams
,1002710,Ramirez Ltd
,1085653,Hanson Inc
,1055788,"Smith, Alexander and Evans"
,1070495,Hicks-Trevino
,1015214,"Hawkins, Mendoza and Graves"
,1005763,Campbell Ltd
,1095062,Jones Inc
,1098354,"Brennan, Myers and Johnson"
,1053220,Bell-Olson
,1062441,"Fitzgerald, Orr and Rodriguez"
,1021506,Valentine Inc
,1065749,Baxter Ltd
,1036963,"Sawyer, Norris and Avila"
,1083600,"Stein, Perez and Acosta"
,1062339,Simmons Inc
,1094890,Lang LLC
,1049162,Hall-Davis
,1030710,Horne and Sons
,1097401,Howard-Chavez
,1077750,"Jackson, May and Anderson"
,1083835,"Armstrong, Mosley and Lyons"
,1034569,Kennedy Group
,1021717,Mack-Horton
,1027301,"Garcia, Griffin and Watson"
,1080677,"Delacruz, Daniels and Rogers"
,1072196,Brewer-Holder
,1068192,Oliver Ltd
,1010838,"Smith, Rice and Stone"
,1078966,"Schaefer, Nelson and Alvarez"
,1061943,Wilson PLC
,1048124,Campos Inc
,1089213,Washington-Soto
,1033267,Adams and Sons
,1066352,Bernard Inc
,1037618,Garcia LLC
,1053795,"Williams, Melton and Hughes"
,1075331,Hensley-Hale
,1059613,"Hensley, Jones and Silva"
,1035595,"Terry, Stone and Booth"
,1090602,Myers Inc
,1064736,"Ross, Singleton and Garcia"
,1068324,Davis Ltd
,1054347,Garcia-Dean
,1029055,Mendoza Group
,1049396,Young-Lambert
,1076848,Powell and Sons
,1080378,"David, Meyer and Romero"
,1020046,Petty PLC
,1090914,"Pierce, Moreno and Smith"
,1071069,"Ford, Jones and Jackson"
,1015163,"Juarez, Macias and Hall"
,1076302,Wheeler-Powell
,1020935,Dunn Inc
,1054709,Davidson LLC
,1057215,Wiley and Sons
,1019629,"Fischer, Rodgers and Wood"
,1074761,Duarte-Curtis
,1018508,Gregory Inc
,1012394,Davenport Inc
,1031326,Watkins Group
,1067794,Jones-Oliver
,1040552,Hall-Simpson
,1083027,Reyes-Sullivan
,1085867,"Greer, Miller and Ramirez"
,1087973,"Anderson, Evans and Howe"
,1075217,"Flores, Perry and Hoffman"
,1033966,Williams-Atkinson
,1043376,"Johnson, Patrick and White"
,1029031,Black and Sons
,1013624,Chavez-Bass
,1079364,Anderson Inc
,1052399,Parks Inc
,1071201,"Hunter, Gonzalez and Ward"
,1086034,Turner-Patterson
,1083051,"Gordon, Hall and Walker"
,1032385,Moreno Ltd
,1003934,"Wheeler, Fox and Scott"
,1096137,"Harrington, Chung and Davis"
,1074562,Mccoy Ltd
,1039869,Lynch-Boyer
,1071182,Oliver-Calderon
,1000070,"Haynes, Hunt and Bowman"
,1056969,Morris-Smith
,1020219,"Calderon, Rosales and Boyd"
,1094384,Holloway-Clark
,1016132,Sanchez-Reynolds
,1080185,Miller LLC
,1064630,"Lynch, Moore and Hopkins"
,1091545,West-Holder
,1039164,Hutchinson-Anderson
,1008666,Blanchard-Harris
,1092336,Bennett-Davis
,1090569,Potter and Sons
,1014465,Moore-Logan
,1035796,"Leon, Jackson and Perez"
,1058257,"Wallace, Brandt and Gray"
,1045258,Page-Martinez
,1000974,Dawson-Ortiz
,1012058,Green Ltd
,1049472,Pennington-Harrington
,1043085,Drake-Arnold
,1059795,Castillo-Johnson
,1036762,"Bush, Jones and Castillo"
,1011001,"Reed, Alexander and Whitaker"
,1031862,Soto Ltd
,1079700,"Bates, Stewart and Williams"
,1062012,Romero-Cisneros
,1067697,Romero-Martinez
,1050330,Ramirez-Lee
,1040852,Young and Sons
,1021710,"Franco, Reynolds and Reynolds"
,1052378,Carter Ltd
,1046404,Walker Group
,1086477,Chen and Sons
,1008896,"Chen, Ryan and Black"
,1063266,Simmons PLC
,1050905,Caldwell LLC
,1019156,Turner PLC
,1081319,Preston-Whitaker
,1060086,Moore-Anderson
,1063044,Richards PLC
,1001934,Robinson and Sons
,1085173,"Dennis, Rosario and Ward"
,1000948,Pollard-Richards
,1016784,Serrano-Caldwell
,1021042,Hernandez-Rush
,1057037,"Johnson, Simmons and Lawrence"
,1090115,Mcclure and Sons
,1025342,Jones Ltd
,1036675,Williams-Campbell
